id,partido_id,equipo_id,persona_id,tipo_evento,minuto,segundo,periodo
207610,cmlmgwve1001op4zcjdxcfrl5,adrithlvwtdhgcxm44467psde,ovpumvhksajmqgok70299mghe,Falta,4,37,1
207785,cmlmgwve1001op4zcjdxcfrl5,clv9y14tc0002s5sdcij3kdes,yzpzoxutljxrhlqy72663iydo,Gol,23,17,2
207792,cmlmgwve1001op4zcjdxcfrl5,clv9y14tc0002s5sdcij3kdes,cewjaekofdtmwcud79119vmbs,Falta,23,58,2
207627,cmlmgwve1001op4zcjdxcfrl5,clv9y14tc0002s5sdcij3kdes,qqpfagtxivawsyez53999saby,Falta,7,46,1
207817,cmlmgwve1001op4zcjdxcfrl5,clv9y14tc0002s5sdcij3kdes,pmskxxwzrhdbjzpb31162pnjm,Falta,26,33,2
207638,cmlmgwve1001op4zcjdxcfrl5,adrithlvwtdhgcxm44467psde,hjsrinfaixmsrlyw24434uatf,Falta,9,12,1
207821,cmlmgwve1001op4zcjdxcfrl5,clv9y14tc0002s5sdcij3kdes,pmskxxwzrhdbjzpb31162pnjm,Amarilla,26,33,2
207639,cmlmgwve1001op4zcjdxcfrl5,adrithlvwtdhgcxm44467psde,hjsrinfaixmsrlyw24434uatf,Amarilla,9,12,1
207866,cmlmgwve1001op4zcjdxcfrl5,clv9y14tc0002s5sdcij3kdes,pienlugvzzitxvny19774igut,Falta,28,1,2
207648,cmlmgwve1001op4zcjdxcfrl5,clv9y14tc0002s5sdcij3kdes,sqwqhvxspzepiwvg64420nqfy,Falta,10,18,1
207651,cmlmgwve1001op4zcjdxcfrl5,adrithlvwtdhgcxm44467psde,putsbbtxjfmsjbsp66101hlyl,Gol,11,37,1
207896,cmlmgwve1001op4zcjdxcfrl5,adrithlvwtdhgcxm44467psde,idjjqqqkdkwhlrnh60060pvoj,Falta,30,3,2
207901,cmlmgwve1001op4zcjdxcfrl5,adrithlvwtdhgcxm44467psde,idjjqqqkdkwhlrnh60060pvoj,Amarilla,30,3,2
207654,cmlmgwve1001op4zcjdxcfrl5,clv9y14tc0002s5sdcij3kdes,bqzipopvdxoribap48494nuva,Gol,11,57,1
207659,cmlmgwve1001op4zcjdxcfrl5,adrithlvwtdhgcxm44467psde,dvzvnmuvdrvgwovc34092zkod,Falta,13,7,1
207910,cmlmgwve1001op4zcjdxcfrl5,clv9y14tc0002s5sdcij3kdes,sqwqhvxspzepiwvg64420nqfy,Falta,30,25,2
207662,cmlmgwve1001op4zcjdxcfrl5,adrithlvwtdhgcxm44467psde,dvzvnmuvdrvgwovc34092zkod,Amarilla,13,7,1
207924,cmlmgwve1001op4zcjdxcfrl5,clv9y14tc0002s5sdcij3kdes,wphfyqixvcvmysfq50759agfx,Falta,32,53,2
207663,cmlmgwve1001op4zcjdxcfrl5,clv9y14tc0002s5sdcij3kdes,cewjaekofdtmwcud79119vmbs,Falta,13,21,1
207925,cmlmgwve1001op4zcjdxcfrl5,adrithlvwtdhgcxm44467psde,hjsrinfaixmsrlyw24434uatf,Azul I,32,53,2
207665,cmlmgwve1001op4zcjdxcfrl5,clv9y14tc0002s5sdcij3kdes,cewjaekofdtmwcud79119vmbs,Amarilla,13,21,1
207927,cmlmgwve1001op4zcjdxcfrl5,clv9y14tc0002s5sdcij3kdes,cewjaekofdtmwcud79119vmbs,Azul I,32,53,2
207688,cmlmgwve1001op4zcjdxcfrl5,clv9y14tc0002s5sdcij3kdes,qqpfagtxivawsyez53999saby,Gol,16,26,1
207943,cmlmgwve1001op4zcjdxcfrl5,adrithlvwtdhgcxm44467psde,idjjqqqkdkwhlrnh60060pvoj,Falta,33,43,2
207944,cmlmgwve1001op4zcjdxcfrl5,adrithlvwtdhgcxm44467psde,idjjqqqkdkwhlrnh60060pvoj,Azul D,33,43,2
207703,cmlmgwve1001op4zcjdxcfrl5,clv9y14tc0002s5sdcij3kdes,qqpfagtxivawsyez53999saby,Falta,18,49,1
207714,cmlmgwve1001op4zcjdxcfrl5,adrithlvwtdhgcxm44467psde,yvplyyjfnltprcxu33965yfvl,Gol,19,42,1
207953,cmlmgwve1001op4zcjdxcfrl5,adrithlvwtdhgcxm44467psde,ovpumvhksajmqgok70299mghe,Falta,34,13,2
207955,cmlmgwve1001op4zcjdxcfrl5,adrithlvwtdhgcxm44467psde,ovpumvhksajmqgok70299mghe,Amarilla,34,13,2
207971,cmlmgwve1001op4zcjdxcfrl5,adrithlvwtdhgcxm44467psde,ovpumvhksajmqgok70299mghe,Gol,35,19,2
207986,cmlmgwve1001op4zcjdxcfrl5,clv9y14tc0002s5sdcij3kdes,pienlugvzzitxvny19774igut,Falta,35,59,2
207988,cmlmgwve1001op4zcjdxcfrl5,clv9y14tc0002s5sdcij3kdes,pienlugvzzitxvny19774igut,Amarilla,35,59,2
207996,cmlmgwve1001op4zcjdxcfrl5,adrithlvwtdhgcxm44467psde,putsbbtxjfmsjbsp66101hlyl,Falta,36,37,2
208016,cmlmgwve1001op4zcjdxcfrl5,clv9y14tc0002s5sdcij3kdes,pmskxxwzrhdbjzpb31162pnjm,Gol,38,44,2
208018,cmlmgwve1001op4zcjdxcfrl5,adrithlvwtdhgcxm44467psde,putsbbtxjfmsjbsp66101hlyl,Falta,38,56,2
208019,cmlmgwve1001op4zcjdxcfrl5,clv9y14tc0002s5sdcij3kdes,cme97in9v009up46a8kx50y4h,Roja,38,56,2
208832,cmlmgwve1001lp4zcbpq1tb5n,tpuenmmsfepzkuvs52687qkrz,zlqohpcixwmxvhfr27363jnjm,Falta,2,16,1
209343,cmlmgwve1001lp4zcbpq1tb5n,tpuenmmsfepzkuvs52687qkrz,qhlqcvsxhqgmbgvd62848ewtj,Falta,21,40,2
209345,cmlmgwve1001lp4zcbpq1tb5n,tpuenmmsfepzkuvs52687qkrz,qhlqcvsxhqgmbgvd62848ewtj,Amarilla,21,40,2
208879,cmlmgwve1001lp4zcbpq1tb5n,tpuenmmsfepzkuvs52687qkrz,cmm23uf1t00bjp4ksv8iupalr,Falta,6,52,1
209451,cmlmgwve1001lp4zcbpq1tb5n,tpuenmmsfepzkuvs52687qkrz,hihjlisjklaoskue47066hktc,Amarilla,26,18,2
208883,cmlmgwve1001lp4zcbpq1tb5n,iqsonebbiywvoxzr63562kwcg,cmls29gnw00kbp4cuqv4cwfc5,Gol,6,55,1
208889,cmlmgwve1001lp4zcbpq1tb5n,iqsonebbiywvoxzr63562kwcg,cricfsiueuecejig72397egrb,Falta,7,32,1
209491,cmlmgwve1001lp4zcbpq1tb5n,iqsonebbiywvoxzr63562kwcg,upkaggieqasgfygg54804hsrf,Gol,28,34,2
208898,cmlmgwve1001lp4zcbpq1tb5n,iqsonebbiywvoxzr63562kwcg,upkaggieqasgfygg54804hsrf,Falta,8,36,1
209509,cmlmgwve1001lp4zcbpq1tb5n,tpuenmmsfepzkuvs52687qkrz,hfskgbsocmsewdxi98914mitt,Falta,29,59,2
209584,cmlmgwve1001lp4zcbpq1tb5n,iqsonebbiywvoxzr63562kwcg,wvyaczxmewsvnfzm81522grvt,Falta,33,39,2
208958,cmlmgwve1001lp4zcbpq1tb5n,iqsonebbiywvoxzr63562kwcg,upkaggieqasgfygg54804hsrf,Gol,10,17,1
209629,cmlmgwve1001lp4zcbpq1tb5n,tpuenmmsfepzkuvs52687qkrz,ptebisokzmkbctpe25384fhhp,Gol,36,3,2
208971,cmlmgwve1001lp4zcbpq1tb5n,iqsonebbiywvoxzr63562kwcg,bpkatskbzzdkgyzz45913wcle,Falta,10,52,1
209647,cmlmgwve1001lp4zcbpq1tb5n,tpuenmmsfepzkuvs52687qkrz,vjunfyeszttpbxfm68960bzlk,Gol,37,24,2
208978,cmlmgwve1001lp4zcbpq1tb5n,iqsonebbiywvoxzr63562kwcg,upkaggieqasgfygg54804hsrf,Falta,11,39,1
209673,cmlmgwve1001lp4zcbpq1tb5n,tpuenmmsfepzkuvs52687qkrz,hfskgbsocmsewdxi98914mitt,Falta,39,47,2
208981,cmlmgwve1001lp4zcbpq1tb5n,iqsonebbiywvoxzr63562kwcg,upkaggieqasgfygg54804hsrf,Amarilla,11,39,1
208989,cmlmgwve1001lp4zcbpq1tb5n,tpuenmmsfepzkuvs52687qkrz,gtwnnhsiffdjutue59352tcul,Falta,12,11,1
208991,cmlmgwve1001lp4zcbpq1tb5n,tpuenmmsfepzkuvs52687qkrz,gtwnnhsiffdjutue59352tcul,Amarilla,12,11,1
208992,cmlmgwve1001lp4zcbpq1tb5n,iqsonebbiywvoxzr63562kwcg,cricfsiueuecejig72397egrb,Falta,12,38,1
208994,cmlmgwve1001lp4zcbpq1tb5n,iqsonebbiywvoxzr63562kwcg,cricfsiueuecejig72397egrb,Amarilla,12,38,1
209030,cmlmgwve1001lp4zcbpq1tb5n,tpuenmmsfepzkuvs52687qkrz,gtwnnhsiffdjutue59352tcul,Gol,14,21,1
209070,cmlmgwve1001lp4zcbpq1tb5n,tpuenmmsfepzkuvs52687qkrz,gtwnnhsiffdjutue59352tcul,Azul I,16,29,1
209072,cmlmgwve1001lp4zcbpq1tb5n,tpuenmmsfepzkuvs52687qkrz,gtwnnhsiffdjutue59352tcul,Falta,16,29,1
209084,cmlmgwve1001lp4zcbpq1tb5n,iqsonebbiywvoxzr63562kwcg,pkcgdkhnhphseppf51716uuft,Amarilla,16,29,1
209092,cmlmgwve1001lp4zcbpq1tb5n,tpuenmmsfepzkuvs52687qkrz,hfskgbsocmsewdxi98914mitt,Amarilla,16,52,1
209118,cmlmgwve1001lp4zcbpq1tb5n,tpuenmmsfepzkuvs52687qkrz,hfskgbsocmsewdxi98914mitt,Falta,18,20,1
209133,cmlmgwve1001lp4zcbpq1tb5n,iqsonebbiywvoxzr63562kwcg,cmls29gnw00kbp4cuqv4cwfc5,Gol,18,29,1
209136,cmlmgwve1001lp4zcbpq1tb5n,iqsonebbiywvoxzr63562kwcg,cmls29gnw00kbp4cuqv4cwfc5,Gol,15,40,1
209150,cmlmgwve1001lp4zcbpq1tb5n,iqsonebbiywvoxzr63562kwcg,upkaggieqasgfygg54804hsrf,Gol,18,49,1
209166,cmlmgwve1001lp4zcbpq1tb5n,iqsonebbiywvoxzr63562kwcg,upkaggieqasgfygg54804hsrf,Falta,19,15,1
209174,cmlmgwve1001lp4zcbpq1tb5n,tpuenmmsfepzkuvs52687qkrz,hfskgbsocmsewdxi98914mitt,Gol,19,15,1
209189,cmlmgwve1001lp4zcbpq1tb5n,tpuenmmsfepzkuvs52687qkrz,vhmddpyzaoxjhdez50566iljx,Falta,19,41,1
209192,cmlmgwve1001lp4zcbpq1tb5n,tpuenmmsfepzkuvs52687qkrz,vhmddpyzaoxjhdez50566iljx,Amarilla,19,41,1
209062,cmlmgwve1001mp4zcdbuypjw0,wejbvnpjfddprayi56851nywm,iqlcgttxmxkiipdg88570zoxp,Falta,18,5,1
209567,cmlmgwve1001mp4zcdbuypjw0,wejbvnpjfddprayi56851nywm,bgnsshgovokfxatt28054vvfh,Falta,38,30,2
209081,cmlmgwve1001mp4zcdbuypjw0,wejbvnpjfddprayi56851nywm,bgnsshgovokfxatt28054vvfh,Falta,17,2,1
209579,cmlmgwve1001mp4zcdbuypjw0,buqhdbuybepnrwfj45861sfmv,cvcxmfmvrwrcysjt24451treu,Amarilla,38,11,2
209213,cmlmgwve1001mp4zcdbuypjw0,wejbvnpjfddprayi56851nywm,kssgjatjyiywzhmb05202jygx,Gol,11,7,1
209620,cmlmgwve1001mp4zcdbuypjw0,buqhdbuybepnrwfj45861sfmv,tyenjutcffaxkfwt95392audp,Falta,35,58,2
209252,cmlmgwve1001mp4zcdbuypjw0,wejbvnpjfddprayi56851nywm,hwnmpldcqixfwmrx10895ahys,Falta,9,12,1
209626,cmlmgwve1001mp4zcdbuypjw0,wejbvnpjfddprayi56851nywm,vjxsgmvoqsofovdh70322vdat,Amarilla,35,58,2
209402,cmlmgwve1001mp4zcdbuypjw0,buqhdbuybepnrwfj45861sfmv,hxnlaxmrunftwywq91798skbs,Falta,1,8,1
209631,cmlmgwve1001mp4zcdbuypjw0,wejbvnpjfddprayi56851nywm,bgnsshgovokfxatt28054vvfh,Falta,35,37,2
209418,cmlmgwve1001mp4zcdbuypjw0,buqhdbuybepnrwfj45861sfmv,hxnlaxmrunftwywq91798skbs,Amarilla,0,1,1
209633,cmlmgwve1001mp4zcdbuypjw0,wejbvnpjfddprayi56851nywm,bgnsshgovokfxatt28054vvfh,Amarilla,35,37,2
209690,cmlmgwve1001mp4zcdbuypjw0,buqhdbuybepnrwfj45861sfmv,ggtgfbzvgbhmjeut72251fgrv,Falta,31,16,2
209691,cmlmgwve1001mp4zcdbuypjw0,buqhdbuybepnrwfj45861sfmv,ggtgfbzvgbhmjeut72251fgrv,Amarilla,31,16,2
209717,cmlmgwve1001mp4zcdbuypjw0,buqhdbuybepnrwfj45861sfmv,ngntbwmsxlqibvbh53294vehq,Falta,29,21,2
209720,cmlmgwve1001mp4zcdbuypjw0,buqhdbuybepnrwfj45861sfmv,ngntbwmsxlqibvbh53294vehq,Amarilla,29,21,2
209742,cmlmgwve1001mp4zcdbuypjw0,wejbvnpjfddprayi56851nywm,modozuykpdhasrrd59700gsil,Falta,28,57,2
209764,cmlmgwve1001mp4zcdbuypjw0,buqhdbuybepnrwfj45861sfmv,pehplawybxsffdue59913tnkn,Falta,26,9,2
209766,cmlmgwve1001mp4zcdbuypjw0,buqhdbuybepnrwfj45861sfmv,pehplawybxsffdue59913tnkn,Azul D,25,9,2
209775,cmlmgwve1001mp4zcdbuypjw0,buqhdbuybepnrwfj45861sfmv,ngntbwmsxlqibvbh53294vehq,Gol,25,5,2
209784,cmlmgwve1001mp4zcdbuypjw0,buqhdbuybepnrwfj45861sfmv,xzebiopakxjtptwg99499bnlr,Falta,24,39,2
209794,cmlmgwve1001mp4zcdbuypjw0,wejbvnpjfddprayi56851nywm,vjxsgmvoqsofovdh70322vdat,Azul I,24,5,2
209797,cmlmgwve1001mp4zcdbuypjw0,wejbvnpjfddprayi56851nywm,bcuyejmiherqceij57787hpsd,Amarilla,24,9,2
209813,cmlmgwve1001mp4zcdbuypjw0,buqhdbuybepnrwfj45861sfmv,aqzvymwvgdtgupdn66305lksk,Falta,22,29,2
209815,cmlmgwve1001mp4zcdbuypjw0,buqhdbuybepnrwfj45861sfmv,aqzvymwvgdtgupdn66305lksk,Amarilla,22,29,2
209819,cmlmgwve1001mp4zcdbuypjw0,wejbvnpjfddprayi56851nywm,kssgjatjyiywzhmb05202jygx,Gol,22,29,2
209821,cmlmgwve1001mp4zcdbuypjw0,buqhdbuybepnrwfj45861sfmv,ggtgfbzvgbhmjeut72251fgrv,Roja,22,29,2
209640,cmlmgwve1001pp4zcmksnsi2b,niujlcyjulnsrfss48567ijaa,cmfwxjn2g00cup4ze6nbs0qf7,Gol,20,56,2
209089,cmlmgwve1001pp4zcmksnsi2b,niujlcyjulnsrfss48567ijaa,gcztngodqcfuknxt71740gaox,Falta,4,2,1
209661,cmlmgwve1001pp4zcmksnsi2b,niujlcyjulnsrfss48567ijaa,cmfwxjn2g00cup4ze6nbs0qf7,Gol,22,32,2
209172,cmlmgwve1001pp4zcmksnsi2b,tythronuthqkvmdl94637zbol,yuplpfskkxmrzdkv63888kboh,Falta,6,45,1
209674,cmlmgwve1001pp4zcmksnsi2b,tythronuthqkvmdl94637zbol,khzustqpxoinifwu52788ykhs,Falta,24,21,2
209196,cmlmgwve1001pp4zcmksnsi2b,tythronuthqkvmdl94637zbol,xvgqlqoeckhvmcuh00551wvau,Amarilla,7,12,1
209683,cmlmgwve1001pp4zcmksnsi2b,niujlcyjulnsrfss48567ijaa,nogpidimltuazusa02690lcyg,Falta,24,44,2
209687,cmlmgwve1001pp4zcmksnsi2b,niujlcyjulnsrfss48567ijaa,nogpidimltuazusa02690lcyg,Falta,25,0,2
209288,cmlmgwve1001pp4zcmksnsi2b,niujlcyjulnsrfss48567ijaa,wmefaoasoyzrphhp38853jttf,Gol,10,23,1
209310,cmlmgwve1001pp4zcmksnsi2b,tythronuthqkvmdl94637zbol,khzustqpxoinifwu52788ykhs,Falta,12,21,1
209696,cmlmgwve1001pp4zcmksnsi2b,niujlcyjulnsrfss48567ijaa,gshliuhnlasqvktc50680cuwr,Gol,25,25,2
209330,cmlmgwve1001pp4zcmksnsi2b,niujlcyjulnsrfss48567ijaa,wmefaoasoyzrphhp38853jttf,Falta,13,17,1
209702,cmlmgwve1001pp4zcmksnsi2b,tythronuthqkvmdl94637zbol,uwflvnzmrlyxnrhu69570zbzf,Falta,25,37,2
209333,cmlmgwve1001pp4zcmksnsi2b,niujlcyjulnsrfss48567ijaa,wmefaoasoyzrphhp38853jttf,Amarilla,13,17,1
209709,cmlmgwve1001pp4zcmksnsi2b,tythronuthqkvmdl94637zbol,yuplpfskkxmrzdkv63888kboh,Falta,25,57,2
209711,cmlmgwve1001pp4zcmksnsi2b,tythronuthqkvmdl94637zbol,uwflvnzmrlyxnrhu69570zbzf,Amarilla,25,57,2
209348,cmlmgwve1001pp4zcmksnsi2b,tythronuthqkvmdl94637zbol,khzustqpxoinifwu52788ykhs,Amarilla,14,16,1
209724,cmlmgwve1001pp4zcmksnsi2b,tythronuthqkvmdl94637zbol,uwflvnzmrlyxnrhu69570zbzf,Azul I,26,41,2
209351,cmlmgwve1001pp4zcmksnsi2b,tythronuthqkvmdl94637zbol,khzustqpxoinifwu52788ykhs,Falta,14,16,1
209780,cmlmgwve1001pp4zcmksnsi2b,tythronuthqkvmdl94637zbol,oovbrzqtvmjvgetx41473dumh,Gol,29,44,2
209383,cmlmgwve1001pp4zcmksnsi2b,niujlcyjulnsrfss48567ijaa,jsudzfrxbvmqtysr20639ikjc,Falta,15,29,1
209390,cmlmgwve1001pp4zcmksnsi2b,tythronuthqkvmdl94637zbol,khzustqpxoinifwu52788ykhs,Falta,15,52,1
209793,cmlmgwve1001pp4zcmksnsi2b,niujlcyjulnsrfss48567ijaa,xfmvnkwgbykcfgdb80036fiqs,Gol,30,47,2
209847,cmlmgwve1001pp4zcmksnsi2b,niujlcyjulnsrfss48567ijaa,qcffduskvcsbrmlr94017sqao,Falta,35,33,2
209403,cmlmgwve1001pp4zcmksnsi2b,niujlcyjulnsrfss48567ijaa,gcztngodqcfuknxt71740gaox,Gol,17,0,1
209442,cmlmgwve1001pp4zcmksnsi2b,niujlcyjulnsrfss48567ijaa,cmfwxjn2g00cup4ze6nbs0qf7,Falta,17,58,1
209848,cmlmgwve1001pp4zcmksnsi2b,niujlcyjulnsrfss48567ijaa,qcffduskvcsbrmlr94017sqao,Amarilla,35,33,2
209459,cmlmgwve1001pp4zcmksnsi2b,tythronuthqkvmdl94637zbol,cmm23e7o3007jp4ksv9nv26no,Gol,19,10,1
209858,cmlmgwve1001pp4zcmksnsi2b,niujlcyjulnsrfss48567ijaa,qcffduskvcsbrmlr94017sqao,Falta,36,37,2
209869,cmlmgwve1001pp4zcmksnsi2b,tythronuthqkvmdl94637zbol,cmffkh2zj00iep4lrucu56piq,Falta,37,32,2
209871,cmlmgwve1001pp4zcmksnsi2b,tythronuthqkvmdl94637zbol,cmffkh2zj00iep4lrucu56piq,Amarilla,37,32,2
209893,cmlmgwve1001pp4zcmksnsi2b,tythronuthqkvmdl94637zbol,yqalqxeewciljobj10649mtpf,Falta,39,26,2
209137,cmlmgwve1001qp4zciouvmvl4,rvrkcfvivhratbxd30828eoll,oujtdssdsgdlkvso55664ikpt,Falta,4,20,1
209671,cmlmgwve1001qp4zciouvmvl4,rvrkcfvivhratbxd30828eoll,hlgcxzenrvhmhzbr24622pzgv,Amarilla,21,17,2
209675,cmlmgwve1001qp4zciouvmvl4,rvrkcfvivhratbxd30828eoll,hixopxknbxuterqk91780rgjr,Azul I,21,49,2
209153,cmlmgwve1001qp4zciouvmvl4,rvrkcfvivhratbxd30828eoll,hixopxknbxuterqk91780rgjr,Falta,4,33,1
209156,cmlmgwve1001qp4zciouvmvl4,rvrkcfvivhratbxd30828eoll,hixopxknbxuterqk91780rgjr,Amarilla,4,33,1
209678,cmlmgwve1001qp4zciouvmvl4,rvrkcfvivhratbxd30828eoll,hlgcxzenrvhmhzbr24622pzgv,Falta,21,17,2
209839,cmlmgwve1001qp4zciouvmvl4,rvrkcfvivhratbxd30828eoll,hnqpyrzkubbuflyn29385hbax,Amarilla,35,14,2
209161,cmlmgwve1001qp4zciouvmvl4,qcovjxoltlivasyy94560eqge,jjfrkysfcllcxtyr18359fkii,Falta,4,50,1
209844,cmlmgwve1001qp4zciouvmvl4,rvrkcfvivhratbxd30828eoll,hnqpyrzkubbuflyn29385hbax,Falta,35,14,2
209178,cmlmgwve1001qp4zciouvmvl4,qcovjxoltlivasyy94560eqge,ckyssdfgsmczasma36802sjko,Falta,5,15,1
209215,cmlmgwve1001qp4zciouvmvl4,rvrkcfvivhratbxd30828eoll,oujtdssdsgdlkvso55664ikpt,Gol,6,47,1
209849,cmlmgwve1001qp4zciouvmvl4,rvrkcfvivhratbxd30828eoll,tncsmpthhzzvfsrh93386zvfc,Amarilla,35,24,2
209876,cmlmgwve1001qp4zciouvmvl4,rvrkcfvivhratbxd30828eoll,tncsmpthhzzvfsrh93386zvfc,Azul I,37,42,2
209233,cmlmgwve1001qp4zciouvmvl4,qcovjxoltlivasyy94560eqge,gctbzruercpusrky56695tnhc,Gol,7,17,1
209237,cmlmgwve1001qp4zciouvmvl4,qcovjxoltlivasyy94560eqge,ckyssdfgsmczasma36802sjko,Falta,7,26,1
209890,cmlmgwve1001qp4zciouvmvl4,rvrkcfvivhratbxd30828eoll,ywqbgziqyinxrabi30298dwsq,Azul D,37,42,2
209898,cmlmgwve1001qp4zciouvmvl4,qcovjxoltlivasyy94560eqge,jjfrkysfcllcxtyr18359fkii,Gol,37,48,2
209253,cmlmgwve1001qp4zciouvmvl4,qcovjxoltlivasyy94560eqge,jjfrkysfcllcxtyr18359fkii,Falta,8,17,1
209313,cmlmgwve1001qp4zciouvmvl4,rvrkcfvivhratbxd30828eoll,ywqbgziqyinxrabi30298dwsq,Falta,11,52,1
209902,cmlmgwve1001qp4zciouvmvl4,rvrkcfvivhratbxd30828eoll,dnxgkpkjblslopjy97529rvuf,Amarilla,37,50,2
209907,cmlmgwve1001qp4zciouvmvl4,qcovjxoltlivasyy94560eqge,iuvafvbfkawggice64819yqih,Falta,38,3,2
209327,cmlmgwve1001qp4zciouvmvl4,rvrkcfvivhratbxd30828eoll,hnqpyrzkubbuflyn29385hbax,Gol,12,29,1
209913,cmlmgwve1001qp4zciouvmvl4,qcovjxoltlivasyy94560eqge,vagnbtcrgepflefe19000moob,Gol,38,25,2
209341,cmlmgwve1001qp4zciouvmvl4,qcovjxoltlivasyy94560eqge,iuvafvbfkawggice64819yqih,Falta,13,13,1
209347,cmlmgwve1001qp4zciouvmvl4,qcovjxoltlivasyy94560eqge,gctbzruercpusrky56695tnhc,Falta,13,18,1
209916,cmlmgwve1001qp4zciouvmvl4,rvrkcfvivhratbxd30828eoll,gfejqtissiscyyjp60836hyzx,Falta,38,57,2
209368,cmlmgwve1001qp4zciouvmvl4,rvrkcfvivhratbxd30828eoll,hnqpyrzkubbuflyn29385hbax,Falta,13,30,1
209919,cmlmgwve1001qp4zciouvmvl4,rvrkcfvivhratbxd30828eoll,gfejqtissiscyyjp60836hyzx,Amarilla,38,57,2
209928,cmlmgwve1001qp4zciouvmvl4,qcovjxoltlivasyy94560eqge,jjfrkysfcllcxtyr18359fkii,Amarilla,39,28,2
209423,cmlmgwve1001qp4zciouvmvl4,qcovjxoltlivasyy94560eqge,vagnbtcrgepflefe19000moob,Gol,16,32,1
209457,cmlmgwve1001qp4zciouvmvl4,rvrkcfvivhratbxd30828eoll,xcjmxxeztcivdmtr28710ywjt,Gol,18,8,1
209475,cmlmgwve1001kp4zca216lsqu,uuouhvydksjxykxe23230jxen,lycwrxgsvohrncbl03128bjqr,Falta,1,0,1
209862,cmlmgwve1001kp4zca216lsqu,tziicpsffzkwooln63257wnaj,ypwuecrpcjdmajxw70558vyqq,Falta,21,4,2
209485,cmlmgwve1001kp4zca216lsqu,uuouhvydksjxykxe23230jxen,jbgunircnhxmtaxd80189tfmr,Falta,1,19,1
209867,cmlmgwve1001kp4zca216lsqu,tziicpsffzkwooln63257wnaj,tuydqovxkfumgung53668rssy,Falta,21,48,2
209638,cmlmgwve1001kp4zca216lsqu,tziicpsffzkwooln63257wnaj,exmwtixfxaiixzfi70465httk,Falta,10,36,1
209879,cmlmgwve1001kp4zca216lsqu,uuouhvydksjxykxe23230jxen,xwsfwupjnvtzkknq80385iqak,Falta,23,31,2
209699,cmlmgwve1001kp4zca216lsqu,tziicpsffzkwooln63257wnaj,gktjoraautunhkki69723jbdh,Falta,14,15,1
209900,cmlmgwve1001kp4zca216lsqu,uuouhvydksjxykxe23230jxen,cushioduaggyckgh40129birh,Falta,25,12,2
209905,cmlmgwve1001kp4zca216lsqu,tziicpsffzkwooln63257wnaj,emcskmbrutwoofdt71210eqll,Gol,25,17,2
209722,cmlmgwve1001kp4zca216lsqu,uuouhvydksjxykxe23230jxen,psevfcxksbzcevui49120qmtz,Falta,14,38,1
209909,cmlmgwve1001kp4zca216lsqu,tziicpsffzkwooln63257wnaj,ylwkxwfmiaphllzl84691xqhj,Amarilla,25,19,2
209734,cmlmgwve1001kp4zca216lsqu,tziicpsffzkwooln63257wnaj,gktjoraautunhkki69723jbdh,Falta,15,50,1
209924,cmlmgwve1001kp4zca216lsqu,tziicpsffzkwooln63257wnaj,gktjoraautunhkki69723jbdh,Gol,26,46,2
209770,cmlmgwve1001kp4zca216lsqu,uuouhvydksjxykxe23230jxen,tmzgwzyexutlvfxj29453hczz,Gol,19,26,1
209779,cmlmgwve1001kp4zca216lsqu,tziicpsffzkwooln63257wnaj,ypwuecrpcjdmajxw70558vyqq,Falta,19,45,1
209942,cmlmgwve1001kp4zca216lsqu,uuouhvydksjxykxe23230jxen,jbgunircnhxmtaxd80189tfmr,Amarilla,29,30,2
209948,cmlmgwve1001kp4zca216lsqu,uuouhvydksjxykxe23230jxen,jbgunircnhxmtaxd80189tfmr,Falta,29,30,2
209951,cmlmgwve1001kp4zca216lsqu,tziicpsffzkwooln63257wnaj,tqqqiygwugmljwvl61514lkkr,Gol,30,21,2
209952,cmlmgwve1001kp4zca216lsqu,tziicpsffzkwooln63257wnaj,ylwkxwfmiaphllzl84691xqhj,Falta,21,30,2
209959,cmlmgwve1001kp4zca216lsqu,uuouhvydksjxykxe23230jxen,tmzgwzyexutlvfxj29453hczz,Gol,31,21,2
209977,cmlmgwve1001kp4zca216lsqu,tziicpsffzkwooln63257wnaj,exmwtixfxaiixzfi70465httk,Gol,34,51,2
209982,cmlmgwve1001kp4zca216lsqu,uuouhvydksjxykxe23230jxen,cmluxd9r7001lp4yibf5pof22,Falta,35,30,2
209985,cmlmgwve1001kp4zca216lsqu,uuouhvydksjxykxe23230jxen,jbgunircnhxmtaxd80189tfmr,Falta,36,4,2
209988,cmlmgwve1001kp4zca216lsqu,tziicpsffzkwooln63257wnaj,tuydqovxkfumgung53668rssy,Falta,36,56,2
209811,cmlmgwve1001np4zcof34w6sq,jlmvlskhdofdgywx21537tyml,cjdaecvihhgazlfa65420mmai,Falta,0,26,1
209993,cmlmgwve1001np4zcof34w6sq,jlmvlskhdofdgywx21537tyml,jcvihkuejfgjrjgf00633slvw,Falta,20,25,2
209996,cmlmgwve1001np4zcof34w6sq,xiixkzqhypqkmtyr19648wlcf,zzyidmlygohvnyzg48033ujue,Falta,21,0,2
209837,cmlmgwve1001np4zcof34w6sq,jlmvlskhdofdgywx21537tyml,cmm23uovd00bpp4ksx00akhc3,Gol,3,18,1
210001,cmlmgwve1001np4zcof34w6sq,xiixkzqhypqkmtyr19648wlcf,jkjxdilqljkodcxl37626kxvr,Gol,21,48,2
209856,cmlmgwve1001np4zcof34w6sq,xiixkzqhypqkmtyr19648wlcf,zzyidmlygohvnyzg48033ujue,Falta,5,0,1
210011,cmlmgwve1001np4zcof34w6sq,xiixkzqhypqkmtyr19648wlcf,syxiwrkdszarydtk88728aqus,Falta,24,26,2
209857,cmlmgwve1001np4zcof34w6sq,xiixkzqhypqkmtyr19648wlcf,zzyidmlygohvnyzg48033ujue,Amarilla,5,0,1
210012,cmlmgwve1001np4zcof34w6sq,xiixkzqhypqkmtyr19648wlcf,syxiwrkdszarydtk88728aqus,Amarilla,24,26,2
209933,cmlmgwve1001np4zcof34w6sq,xiixkzqhypqkmtyr19648wlcf,jkjxdilqljkodcxl37626kxvr,Falta,13,6,1
209934,cmlmgwve1001np4zcof34w6sq,xiixkzqhypqkmtyr19648wlcf,jkjxdilqljkodcxl37626kxvr,Amarilla,13,6,1
210014,cmlmgwve1001np4zcof34w6sq,xiixkzqhypqkmtyr19648wlcf,rdwwqlgseoknhlkz00858jbnx,Amarilla,26,10,2
210018,cmlmgwve1001np4zcof34w6sq,jlmvlskhdofdgywx21537tyml,mwzhdgbxbaxtpkyv98228yabd,Falta,27,0,2
209969,cmlmgwve1001np4zcof34w6sq,jlmvlskhdofdgywx21537tyml,cjdaecvihhgazlfa65420mmai,Falta,17,47,1
210024,cmlmgwve1001np4zcof34w6sq,xiixkzqhypqkmtyr19648wlcf,sorlzykzhzectdzx69833clav,Falta,28,56,2
209970,cmlmgwve1001np4zcof34w6sq,jlmvlskhdofdgywx21537tyml,cjdaecvihhgazlfa65420mmai,Amarilla,17,0,1
209975,cmlmgwve1001np4zcof34w6sq,xiixkzqhypqkmtyr19648wlcf,rdwwqlgseoknhlkz00858jbnx,Falta,19,0,1
210025,cmlmgwve1001np4zcof34w6sq,xiixkzqhypqkmtyr19648wlcf,sorlzykzhzectdzx69833clav,Amarilla,29,0,2
209980,cmlmgwve1001np4zcof34w6sq,xiixkzqhypqkmtyr19648wlcf,rdwwqlgseoknhlkz00858jbnx,Gol,19,54,1
210035,cmlmgwve1001np4zcof34w6sq,jlmvlskhdofdgywx21537tyml,mwzhdgbxbaxtpkyv98228yabd,Falta,31,0,2
210036,cmlmgwve1001np4zcof34w6sq,jlmvlskhdofdgywx21537tyml,mwzhdgbxbaxtpkyv98228yabd,Amarilla,31,0,2
210037,cmlmgwve1001np4zcof34w6sq,xiixkzqhypqkmtyr19648wlcf,sorlzykzhzectdzx69833clav,Falta,31,0,2
210038,cmlmgwve1001np4zcof34w6sq,xiixkzqhypqkmtyr19648wlcf,sorlzykzhzectdzx69833clav,Azul I,31,0,2
210044,cmlmgwve1001np4zcof34w6sq,xiixkzqhypqkmtyr19648wlcf,mbulgykktxlvtwqz51559zzkh,Falta,31,44,2
210048,cmlmgwve1001np4zcof34w6sq,xiixkzqhypqkmtyr19648wlcf,zzyidmlygohvnyzg48033ujue,Gol,34,14,2
210065,cmlmgwve1001np4zcof34w6sq,jlmvlskhdofdgywx21537tyml,udnworcgyubqgwpk74558jelq,Gol,38,50,2
210067,cmlmgwve1001np4zcof34w6sq,xiixkzqhypqkmtyr19648wlcf,rdwwqlgseoknhlkz00858jbnx,Azul I,39,52,2
210068,cmlmgwve1001np4zcof34w6sq,xiixkzqhypqkmtyr19648wlcf,rdwwqlgseoknhlkz00858jbnx,Falta,39,52,2
202450,cmlmgwve1001bp4zcgqt0or1t,xxvykydpifsapfau72439crkk,aafcdleupqdrfpqr93443ayiy,Falta,1,55,1
202616,cmlmgwve1001bp4zcgqt0or1t,xxvykydpifsapfau72439crkk,aafcdleupqdrfpqr93443ayiy,Gol,20,44,2
202622,cmlmgwve1001bp4zcgqt0or1t,qcovjxoltlivasyy94560eqge,ayqzuxeolapxwyui60900xfrx,Falta,21,21,2
202452,cmlmgwve1001bp4zcgqt0or1t,xxvykydpifsapfau72439crkk,aafcdleupqdrfpqr93443ayiy,Gol,2,42,1
202623,cmlmgwve1001bp4zcgqt0or1t,qcovjxoltlivasyy94560eqge,ayqzuxeolapxwyui60900xfrx,Azul D,21,21,2
202453,cmlmgwve1001bp4zcgqt0or1t,xxvykydpifsapfau72439crkk,ptsowgsrpotygzjf71685ibkx,Falta,2,45,1
202631,cmlmgwve1001bp4zcgqt0or1t,xxvykydpifsapfau72439crkk,mlcyurqhfsrvctta49327crtk,Amarilla,21,41,2
202454,cmlmgwve1001bp4zcgqt0or1t,xxvykydpifsapfau72439crkk,ptsowgsrpotygzjf71685ibkx,Amarilla,2,47,1
202462,cmlmgwve1001bp4zcgqt0or1t,xxvykydpifsapfau72439crkk,ffyxedtenjtgtbuk92194xprj,Falta,5,57,1
202708,cmlmgwve1001bp4zcgqt0or1t,xxvykydpifsapfau72439crkk,ptsowgsrpotygzjf71685ibkx,Gol,29,19,2
202463,cmlmgwve1001bp4zcgqt0or1t,xxvykydpifsapfau72439crkk,ffyxedtenjtgtbuk92194xprj,Amarilla,5,57,1
202475,cmlmgwve1001bp4zcgqt0or1t,xxvykydpifsapfau72439crkk,emqiznqijjvhmtzl09919ghvs,Falta,8,34,1
202725,cmlmgwve1001bp4zcgqt0or1t,xxvykydpifsapfau72439crkk,svhujahpfhkxsprq80413mquv,Gol,33,59,2
202766,cmlmgwve1001bp4zcgqt0or1t,xxvykydpifsapfau72439crkk,adqngylzysggqsuk17762eojk,Gol,39,44,2
202506,cmlmgwve1001bp4zcgqt0or1t,xxvykydpifsapfau72439crkk,amegxdgrdhocslus21603odsn,Falta,16,50,1
202543,cmlmgwve1001bp4zcgqt0or1t,qcovjxoltlivasyy94560eqge,ayqzuxeolapxwyui60900xfrx,Falta,19,49,1
202505,cmlmgwve1001cp4zczof6wzua,evgubysfaryqquxp91003epne,nnklpbsnvnosbvaj55000tyyv,Falta,3,57,1
202741,cmlmgwve1001cp4zczof6wzua,tziicpsffzkwooln63257wnaj,ylwkxwfmiaphllzl84691xqhj,Falta,21,45,2
202510,cmlmgwve1001cp4zczof6wzua,tziicpsffzkwooln63257wnaj,kqacshvhxzvvkoqj08399yxzg,Gol,3,59,1
202748,cmlmgwve1001cp4zczof6wzua,tziicpsffzkwooln63257wnaj,ylwkxwfmiaphllzl84691xqhj,Gol,23,46,2
202754,cmlmgwve1001cp4zczof6wzua,tziicpsffzkwooln63257wnaj,ylwkxwfmiaphllzl84691xqhj,Falta,24,40,2
202532,cmlmgwve1001cp4zczof6wzua,evgubysfaryqquxp91003epne,ihifzirnzuqteugm66098gauo,Falta,6,19,1
202539,cmlmgwve1001cp4zczof6wzua,tziicpsffzkwooln63257wnaj,gktjoraautunhkki69723jbdh,Falta,7,5,1
202759,cmlmgwve1001cp4zczof6wzua,evgubysfaryqquxp91003epne,erkhwmlkpjdrxjvx25292ggqt,Falta,25,3,2
202547,cmlmgwve1001cp4zczof6wzua,tziicpsffzkwooln63257wnaj,lwayiagfqwvcuxoc01440xcjq,Falta,8,22,1
202761,cmlmgwve1001cp4zczof6wzua,tziicpsffzkwooln63257wnaj,gktjoraautunhkki69723jbdh,Falta,25,37,2
202762,cmlmgwve1001cp4zczof6wzua,tziicpsffzkwooln63257wnaj,gktjoraautunhkki69723jbdh,Amarilla,25,40,2
202553,cmlmgwve1001cp4zczof6wzua,tziicpsffzkwooln63257wnaj,gktjoraautunhkki69723jbdh,Gol,8,37,1
202558,cmlmgwve1001cp4zczof6wzua,tziicpsffzkwooln63257wnaj,iczixiteyphrskdr73949suvc,Falta,9,35,1
202776,cmlmgwve1001cp4zczof6wzua,tziicpsffzkwooln63257wnaj,svbpsmayllbmhqkr18644jgkd,Falta,28,1,2
202559,cmlmgwve1001cp4zczof6wzua,tziicpsffzkwooln63257wnaj,iczixiteyphrskdr73949suvc,Amarilla,9,35,1
202780,cmlmgwve1001cp4zczof6wzua,tziicpsffzkwooln63257wnaj,svbpsmayllbmhqkr18644jgkd,Gol,29,8,2
202594,cmlmgwve1001cp4zczof6wzua,tziicpsffzkwooln63257wnaj,emcskmbrutwoofdt71210eqll,Gol,12,47,1
202793,cmlmgwve1001cp4zczof6wzua,tziicpsffzkwooln63257wnaj,sjypimxutaqlztxn53591hqoa,Gol,29,50,2
202809,cmlmgwve1001cp4zczof6wzua,tziicpsffzkwooln63257wnaj,emcskmbrutwoofdt71210eqll,Falta,32,39,2
202599,cmlmgwve1001cp4zczof6wzua,evgubysfaryqquxp91003epne,tdazqajxicdpfkyg78210fpto,Falta,13,16,1
202827,cmlmgwve1001cp4zczof6wzua,tziicpsffzkwooln63257wnaj,ypwuecrpcjdmajxw70558vyqq,Gol,36,1,2
202600,cmlmgwve1001cp4zczof6wzua,evgubysfaryqquxp91003epne,tdazqajxicdpfkyg78210fpto,Amarilla,13,16,1
202625,cmlmgwve1001cp4zczof6wzua,tziicpsffzkwooln63257wnaj,emcskmbrutwoofdt71210eqll,Falta,15,23,1
202647,cmlmgwve1001cp4zczof6wzua,evgubysfaryqquxp91003epne,jztswbantpzmfbtn84208lgak,Falta,16,40,1
202655,cmlmgwve1001cp4zczof6wzua,tziicpsffzkwooln63257wnaj,sjypimxutaqlztxn53591hqoa,Gol,16,40,1
202667,cmlmgwve1001cp4zczof6wzua,tziicpsffzkwooln63257wnaj,exmwtixfxaiixzfi70465httk,Falta,17,3,1
202685,cmlmgwve1001cp4zczof6wzua,evgubysfaryqquxp91003epne,enlbohxiqzjybimt68157pymr,Amarilla,18,35,1
202690,cmlmgwve1001cp4zczof6wzua,evgubysfaryqquxp91003epne,ihifzirnzuqteugm66098gauo,Amarilla,18,53,1
202693,cmlmgwve1001cp4zczof6wzua,evgubysfaryqquxp91003epne,bptvaactaeirbdew79928qysk,Falta,19,55,1
202694,cmlmgwve1001cp4zczof6wzua,evgubysfaryqquxp91003epne,bptvaactaeirbdew79928qysk,Amarilla,19,55,1
202795,cmlmgwve1001hp4zcs9bk4tko,adrithlvwtdhgcxm44467psde,dvzvnmuvdrvgwovc34092zkod,Falta,3,2,1
202890,cmlmgwve1001hp4zcs9bk4tko,niujlcyjulnsrfss48567ijaa,almdhlmfugeztdaf03865ceak,Falta,23,25,2
202891,cmlmgwve1001hp4zcs9bk4tko,niujlcyjulnsrfss48567ijaa,almdhlmfugeztdaf03865ceak,Amarilla,23,25,2
202799,cmlmgwve1001hp4zcs9bk4tko,niujlcyjulnsrfss48567ijaa,gcztngodqcfuknxt71740gaox,Falta,4,17,1
202894,cmlmgwve1001hp4zcs9bk4tko,niujlcyjulnsrfss48567ijaa,nogpidimltuazusa02690lcyg,Falta,24,51,2
202804,cmlmgwve1001hp4zcs9bk4tko,niujlcyjulnsrfss48567ijaa,nogpidimltuazusa02690lcyg,Falta,4,54,1
202806,cmlmgwve1001hp4zcs9bk4tko,niujlcyjulnsrfss48567ijaa,nogpidimltuazusa02690lcyg,Amarilla,4,54,1
202896,cmlmgwve1001hp4zcs9bk4tko,niujlcyjulnsrfss48567ijaa,hxxdgkjkagcbwlsc56746kezz,Falta,30,9,2
202811,cmlmgwve1001hp4zcs9bk4tko,adrithlvwtdhgcxm44467psde,bxxxwgcqziarkong18237yusk,Falta,5,32,1
202897,cmlmgwve1001hp4zcs9bk4tko,niujlcyjulnsrfss48567ijaa,hxxdgkjkagcbwlsc56746kezz,Amarilla,30,9,2
202898,cmlmgwve1001hp4zcs9bk4tko,niujlcyjulnsrfss48567ijaa,gcztngodqcfuknxt71740gaox,Amarilla,31,36,2
202814,cmlmgwve1001hp4zcs9bk4tko,niujlcyjulnsrfss48567ijaa,gshliuhnlasqvktc50680cuwr,Falta,6,43,1
202899,cmlmgwve1001hp4zcs9bk4tko,niujlcyjulnsrfss48567ijaa,gcztngodqcfuknxt71740gaox,Falta,31,36,2
202815,cmlmgwve1001hp4zcs9bk4tko,niujlcyjulnsrfss48567ijaa,cmfwxjn2g00cup4ze6nbs0qf7,Falta,7,4,1
202900,cmlmgwve1001hp4zcs9bk4tko,adrithlvwtdhgcxm44467psde,hjsrinfaixmsrlyw24434uatf,Falta,31,52,2
202817,cmlmgwve1001hp4zcs9bk4tko,niujlcyjulnsrfss48567ijaa,cmfwxjn2g00cup4ze6nbs0qf7,Amarilla,7,4,1
202824,cmlmgwve1001hp4zcs9bk4tko,adrithlvwtdhgcxm44467psde,bxxxwgcqziarkong18237yusk,Amarilla,7,38,1
202902,cmlmgwve1001hp4zcs9bk4tko,adrithlvwtdhgcxm44467psde,idjjqqqkdkwhlrnh60060pvoj,Gol,32,14,2
202837,cmlmgwve1001hp4zcs9bk4tko,adrithlvwtdhgcxm44467psde,uctqsxtxtpozuyre51784adrg,Azul D,9,50,1
202904,cmlmgwve1001hp4zcs9bk4tko,adrithlvwtdhgcxm44467psde,rdgejrocfbxpofrz39141zdjp,Falta,32,19,2
202906,cmlmgwve1001hp4zcs9bk4tko,niujlcyjulnsrfss48567ijaa,wmefaoasoyzrphhp38853jttf,Gol,33,8,2
202838,cmlmgwve1001hp4zcs9bk4tko,adrithlvwtdhgcxm44467psde,uctqsxtxtpozuyre51784adrg,Falta,9,50,1
202908,cmlmgwve1001hp4zcs9bk4tko,niujlcyjulnsrfss48567ijaa,nogpidimltuazusa02690lcyg,Falta,36,43,2
202840,cmlmgwve1001hp4zcs9bk4tko,adrithlvwtdhgcxm44467psde,bxxxwgcqziarkong18237yusk,Falta,7,36,1
202846,cmlmgwve1001hp4zcs9bk4tko,adrithlvwtdhgcxm44467psde,dvzvnmuvdrvgwovc34092zkod,Falta,10,33,1
202847,cmlmgwve1001hp4zcs9bk4tko,adrithlvwtdhgcxm44467psde,dvzvnmuvdrvgwovc34092zkod,Amarilla,10,34,1
202854,cmlmgwve1001hp4zcs9bk4tko,niujlcyjulnsrfss48567ijaa,xfmvnkwgbykcfgdb80036fiqs,Falta,11,59,1
202855,cmlmgwve1001hp4zcs9bk4tko,niujlcyjulnsrfss48567ijaa,xfmvnkwgbykcfgdb80036fiqs,Amarilla,11,59,1
202864,cmlmgwve1001hp4zcs9bk4tko,niujlcyjulnsrfss48567ijaa,wmefaoasoyzrphhp38853jttf,Amarilla,13,57,1
202865,cmlmgwve1001hp4zcs9bk4tko,niujlcyjulnsrfss48567ijaa,wmefaoasoyzrphhp38853jttf,Falta,13,57,1
202870,cmlmgwve1001hp4zcs9bk4tko,niujlcyjulnsrfss48567ijaa,wmefaoasoyzrphhp38853jttf,Gol,15,40,1
202874,cmlmgwve1001hp4zcs9bk4tko,adrithlvwtdhgcxm44467psde,bxxxwgcqziarkong18237yusk,Falta,18,2,1
199134,cmlmgwve1001ap4zcxnxf3ct9,adrithlvwtdhgcxm44467psde,uctqsxtxtpozuyre51784adrg,Falta,22,14,2
198989,cmlmgwve1001ap4zcxnxf3ct9,adrithlvwtdhgcxm44467psde,dvzvnmuvdrvgwovc34092zkod,Falta,3,25,1
199156,cmlmgwve1001ap4zcxnxf3ct9,tythronuthqkvmdl94637zbol,khzustqpxoinifwu52788ykhs,Azul I,25,20,2
198995,cmlmgwve1001ap4zcxnxf3ct9,tythronuthqkvmdl94637zbol,khzustqpxoinifwu52788ykhs,Falta,5,55,1
198997,cmlmgwve1001ap4zcxnxf3ct9,tythronuthqkvmdl94637zbol,khzustqpxoinifwu52788ykhs,Amarilla,5,55,1
199158,cmlmgwve1001ap4zcxnxf3ct9,tythronuthqkvmdl94637zbol,khzustqpxoinifwu52788ykhs,Falta,25,20,2
199160,cmlmgwve1001ap4zcxnxf3ct9,adrithlvwtdhgcxm44467psde,egzbesrpxjtjifqa54954dyen,Amarilla,25,32,2
198999,cmlmgwve1001ap4zcxnxf3ct9,tythronuthqkvmdl94637zbol,duwxkgfvkwqpexta75533zkhj,Falta,6,12,1
199161,cmlmgwve1001ap4zcxnxf3ct9,adrithlvwtdhgcxm44467psde,egzbesrpxjtjifqa54954dyen,Falta,25,32,2
199010,cmlmgwve1001ap4zcxnxf3ct9,tythronuthqkvmdl94637zbol,vsfmwuzeschiheho54567lqnr,Falta,9,18,1
199169,cmlmgwve1001ap4zcxnxf3ct9,tythronuthqkvmdl94637zbol,fylwyxgdxfvnckgb84082ompj,Amarilla,27,25,2
199047,cmlmgwve1001ap4zcxnxf3ct9,tythronuthqkvmdl94637zbol,duwxkgfvkwqpexta75533zkhj,Falta,13,54,1
199170,cmlmgwve1001ap4zcxnxf3ct9,tythronuthqkvmdl94637zbol,fylwyxgdxfvnckgb84082ompj,Falta,27,25,2
199173,cmlmgwve1001ap4zcxnxf3ct9,tythronuthqkvmdl94637zbol,nuacxompwtsznivu30413zcoh,Falta,28,2,2
199178,cmlmgwve1001ap4zcxnxf3ct9,adrithlvwtdhgcxm44467psde,dvzvnmuvdrvgwovc34092zkod,Falta,28,14,2
199179,cmlmgwve1001ap4zcxnxf3ct9,adrithlvwtdhgcxm44467psde,dvzvnmuvdrvgwovc34092zkod,Amarilla,28,14,2
199183,cmlmgwve1001ap4zcxnxf3ct9,tythronuthqkvmdl94637zbol,nuacxompwtsznivu30413zcoh,Falta,28,45,2
199215,cmlmgwve1001ap4zcxnxf3ct9,adrithlvwtdhgcxm44467psde,bxxxwgcqziarkong18237yusk,Falta,31,16,2
199233,cmlmgwve1001ap4zcxnxf3ct9,tythronuthqkvmdl94637zbol,uwflvnzmrlyxnrhu69570zbzf,Gol,32,2,2
199278,cmlmgwve1001ap4zcxnxf3ct9,tythronuthqkvmdl94637zbol,yuplpfskkxmrzdkv63888kboh,Amarilla,35,20,2
199288,cmlmgwve1001ap4zcxnxf3ct9,tythronuthqkvmdl94637zbol,duwxkgfvkwqpexta75533zkhj,Falta,36,57,2
199290,cmlmgwve1001ap4zcxnxf3ct9,tythronuthqkvmdl94637zbol,duwxkgfvkwqpexta75533zkhj,Amarilla,36,57,2
199318,cmlmgwve1001ap4zcxnxf3ct9,adrithlvwtdhgcxm44467psde,tsmnsudutcqtripi02767hfgn,Gol,37,56,2
199321,cmlmgwve1001ap4zcxnxf3ct9,tythronuthqkvmdl94637zbol,fylwyxgdxfvnckgb84082ompj,Azul D,37,56,2
199324,cmlmgwve1001ap4zcxnxf3ct9,tythronuthqkvmdl94637zbol,fylwyxgdxfvnckgb84082ompj,Roja,37,56,2
199348,cmlmgwve1001ap4zcxnxf3ct9,tythronuthqkvmdl94637zbol,uwflvnzmrlyxnrhu69570zbzf,Azul D,39,58,2
199244,cmlmgwve10015p4zce6dwa519,evgubysfaryqquxp91003epne,nnklpbsnvnosbvaj55000tyyv,Azul I,25,43,2
199004,cmlmgwve10015p4zce6dwa519,tpuenmmsfepzkuvs52687qkrz,hruyyxwnqvruyaup59640ehmx,Falta,0,17,1
199247,cmlmgwve10015p4zce6dwa519,evgubysfaryqquxp91003epne,nnklpbsnvnosbvaj55000tyyv,Falta,25,43,2
199005,cmlmgwve10015p4zce6dwa519,tpuenmmsfepzkuvs52687qkrz,eagdbxrklkuzdcoe46278tomf,Falta,1,0,1
199279,cmlmgwve10015p4zce6dwa519,tpuenmmsfepzkuvs52687qkrz,zlqohpcixwmxvhfr27363jnjm,Falta,28,4,2
199040,cmlmgwve10015p4zce6dwa519,evgubysfaryqquxp91003epne,nnklpbsnvnosbvaj55000tyyv,Amarilla,9,52,1
199042,cmlmgwve10015p4zce6dwa519,tpuenmmsfepzkuvs52687qkrz,cmm23uf1t00bjp4ksv8iupalr,Amarilla,7,52,1
199304,cmlmgwve10015p4zce6dwa519,evgubysfaryqquxp91003epne,enlbohxiqzjybimt68157pymr,Azul I,30,24,2
199328,cmlmgwve10015p4zce6dwa519,evgubysfaryqquxp91003epne,lvqahcwgopotiiuc12148uhog,Falta,32,48,2
199043,cmlmgwve10015p4zce6dwa519,tpuenmmsfepzkuvs52687qkrz,qhlqcvsxhqgmbgvd62848ewtj,Amarilla,7,57,1
199046,cmlmgwve10015p4zce6dwa519,evgubysfaryqquxp91003epne,nnklpbsnvnosbvaj55000tyyv,Gol,8,15,1
199339,cmlmgwve10015p4zce6dwa519,tpuenmmsfepzkuvs52687qkrz,hihjlisjklaoskue47066hktc,Falta,33,44,2
199068,cmlmgwve10015p4zce6dwa519,evgubysfaryqquxp91003epne,enlbohxiqzjybimt68157pymr,Falta,10,29,1
199364,cmlmgwve10015p4zce6dwa519,tpuenmmsfepzkuvs52687qkrz,vhmddpyzaoxjhdez50566iljx,Gol,36,22,2
199076,cmlmgwve10015p4zce6dwa519,tpuenmmsfepzkuvs52687qkrz,cmm23uf1t00bjp4ksv8iupalr,Gol,10,50,1
199369,cmlmgwve10015p4zce6dwa519,tpuenmmsfepzkuvs52687qkrz,hihjlisjklaoskue47066hktc,Amarilla,36,36,2
199077,cmlmgwve10015p4zce6dwa519,tpuenmmsfepzkuvs52687qkrz,vhmddpyzaoxjhdez50566iljx,Gol,12,35,1
199375,cmlmgwve10015p4zce6dwa519,tpuenmmsfepzkuvs52687qkrz,vhmddpyzaoxjhdez50566iljx,Gol,37,29,2
199387,cmlmgwve10015p4zce6dwa519,tpuenmmsfepzkuvs52687qkrz,hihjlisjklaoskue47066hktc,Falta,38,33,2
199081,cmlmgwve10015p4zce6dwa519,evgubysfaryqquxp91003epne,enlbohxiqzjybimt68157pymr,Amarilla,9,57,1
199098,cmlmgwve10015p4zce6dwa519,evgubysfaryqquxp91003epne,cmepq3gso03ofp4cgw28szljx,Falta,15,49,1
199103,cmlmgwve10015p4zce6dwa519,evgubysfaryqquxp91003epne,nnklpbsnvnosbvaj55000tyyv,Gol,16,8,1
199114,cmlmgwve10015p4zce6dwa519,tpuenmmsfepzkuvs52687qkrz,cvrmgobezxujryxf51034cqsv,Falta,18,15,1
199124,cmlmgwve10015p4zce6dwa519,tpuenmmsfepzkuvs52687qkrz,cmm23uf1t00bjp4ksv8iupalr,Gol,19,26,1
199127,cmlmgwve10015p4zce6dwa519,tpuenmmsfepzkuvs52687qkrz,zlqohpcixwmxvhfr27363jnjm,Gol,19,53,1
199206,cmlmgwve10015p4zce6dwa519,tpuenmmsfepzkuvs52687qkrz,eagdbxrklkuzdcoe46278tomf,Gol,0,38,1
198976,cmlmgwve10019p4zcufhdx1fo,jlmvlskhdofdgywx21537tyml,kictfeqiufvvxrzw98246guwd,Falta,1,31,1
199137,cmlmgwve10019p4zcufhdx1fo,jlmvlskhdofdgywx21537tyml,nqnkbgiftzwatopt57358lexj,Falta,20,51,2
199142,cmlmgwve10019p4zcufhdx1fo,niujlcyjulnsrfss48567ijaa,bnwqhmccvnuiqouf28535nksl,Falta,21,17,2
198979,cmlmgwve10019p4zcufhdx1fo,niujlcyjulnsrfss48567ijaa,yzdcyffhmkuxnhag04642qmlg,Amarilla,3,35,1
198980,cmlmgwve10019p4zcufhdx1fo,niujlcyjulnsrfss48567ijaa,cmfwxjn2g00cup4ze6nbs0qf7,Falta,4,39,1
199146,cmlmgwve10019p4zcufhdx1fo,jlmvlskhdofdgywx21537tyml,nqnkbgiftzwatopt57358lexj,Falta,22,10,2
199148,cmlmgwve10019p4zcufhdx1fo,jlmvlskhdofdgywx21537tyml,nqnkbgiftzwatopt57358lexj,Amarilla,22,10,2
198981,cmlmgwve10019p4zcufhdx1fo,niujlcyjulnsrfss48567ijaa,cmfwxjn2g00cup4ze6nbs0qf7,Amarilla,4,39,1
199152,cmlmgwve10019p4zcufhdx1fo,niujlcyjulnsrfss48567ijaa,bnwqhmccvnuiqouf28535nksl,Falta,23,9,2
198984,cmlmgwve10019p4zcufhdx1fo,jlmvlskhdofdgywx21537tyml,xuczrojwhkgvhdub00034zuct,Gol,6,58,1
198986,cmlmgwve10019p4zcufhdx1fo,jlmvlskhdofdgywx21537tyml,cjdaecvihhgazlfa65420mmai,Falta,8,14,1
199154,cmlmgwve10019p4zcufhdx1fo,niujlcyjulnsrfss48567ijaa,bnwqhmccvnuiqouf28535nksl,Amarilla,23,10,2
199159,cmlmgwve10019p4zcufhdx1fo,jlmvlskhdofdgywx21537tyml,jcvihkuejfgjrjgf00633slvw,Falta,23,46,2
198987,cmlmgwve10019p4zcufhdx1fo,jlmvlskhdofdgywx21537tyml,cjdaecvihhgazlfa65420mmai,Amarilla,8,14,1
198988,cmlmgwve10019p4zcufhdx1fo,niujlcyjulnsrfss48567ijaa,nogpidimltuazusa02690lcyg,Amarilla,8,14,1
199196,cmlmgwve10019p4zcufhdx1fo,jlmvlskhdofdgywx21537tyml,xuczrojwhkgvhdub00034zuct,Falta,28,22,2
199198,cmlmgwve10019p4zcufhdx1fo,niujlcyjulnsrfss48567ijaa,hxxdgkjkagcbwlsc56746kezz,Gol,28,22,2
198993,cmlmgwve10019p4zcufhdx1fo,jlmvlskhdofdgywx21537tyml,nqnkbgiftzwatopt57358lexj,Falta,9,48,1
198998,cmlmgwve10019p4zcufhdx1fo,jlmvlskhdofdgywx21537tyml,cjdaecvihhgazlfa65420mmai,Gol,10,15,1
199204,cmlmgwve10019p4zcufhdx1fo,niujlcyjulnsrfss48567ijaa,gcztngodqcfuknxt71740gaox,Falta,28,41,2
199001,cmlmgwve10019p4zcufhdx1fo,jlmvlskhdofdgywx21537tyml,jcvihkuejfgjrjgf00633slvw,Gol,11,0,1
199207,cmlmgwve10019p4zcufhdx1fo,niujlcyjulnsrfss48567ijaa,gcztngodqcfuknxt71740gaox,Amarilla,28,41,2
199003,cmlmgwve10019p4zcufhdx1fo,jlmvlskhdofdgywx21537tyml,cjdaecvihhgazlfa65420mmai,Falta,11,27,1
199213,cmlmgwve10019p4zcufhdx1fo,niujlcyjulnsrfss48567ijaa,gcztngodqcfuknxt71740gaox,Gol,29,24,2
199016,cmlmgwve10019p4zcufhdx1fo,jlmvlskhdofdgywx21537tyml,udnworcgyubqgwpk74558jelq,Gol,13,16,1
199217,cmlmgwve10019p4zcufhdx1fo,niujlcyjulnsrfss48567ijaa,gcztngodqcfuknxt71740gaox,Azul I,29,24,2
199223,cmlmgwve10019p4zcufhdx1fo,jlmvlskhdofdgywx21537tyml,xuczrojwhkgvhdub00034zuct,Azul D,29,29,2
199027,cmlmgwve10019p4zcufhdx1fo,jlmvlskhdofdgywx21537tyml,fdiqrplfuljkqayo04112bccx,Azul D,14,13,1
199239,cmlmgwve10019p4zcufhdx1fo,jlmvlskhdofdgywx21537tyml,cjdaecvihhgazlfa65420mmai,Falta,30,24,2
199037,cmlmgwve10019p4zcufhdx1fo,jlmvlskhdofdgywx21537tyml,udnworcgyubqgwpk74558jelq,Amarilla,15,8,1
199241,cmlmgwve10019p4zcufhdx1fo,jlmvlskhdofdgywx21537tyml,cjdaecvihhgazlfa65420mmai,Azul I,30,24,2
199059,cmlmgwve10019p4zcufhdx1fo,niujlcyjulnsrfss48567ijaa,almdhlmfugeztdaf03865ceak,Falta,16,42,1
199262,cmlmgwve10019p4zcufhdx1fo,niujlcyjulnsrfss48567ijaa,cmm3idbfn009tp49x8sxm670b,Roja,31,20,2
199065,cmlmgwve10019p4zcufhdx1fo,jlmvlskhdofdgywx21537tyml,xuczrojwhkgvhdub00034zuct,Falta,17,15,1
199265,cmlmgwve10019p4zcufhdx1fo,jlmvlskhdofdgywx21537tyml,jcvihkuejfgjrjgf00633slvw,Amarilla,31,35,2
199066,cmlmgwve10019p4zcufhdx1fo,jlmvlskhdofdgywx21537tyml,xuczrojwhkgvhdub00034zuct,Amarilla,17,15,1
199269,cmlmgwve10019p4zcufhdx1fo,niujlcyjulnsrfss48567ijaa,gshliuhnlasqvktc50680cuwr,Amarilla,31,40,2
199069,cmlmgwve10019p4zcufhdx1fo,jlmvlskhdofdgywx21537tyml,kictfeqiufvvxrzw98246guwd,Falta,17,52,1
199273,cmlmgwve10019p4zcufhdx1fo,niujlcyjulnsrfss48567ijaa,yzdcyffhmkuxnhag04642qmlg,Azul I,31,40,2
199280,cmlmgwve10019p4zcufhdx1fo,jlmvlskhdofdgywx21537tyml,kictfeqiufvvxrzw98246guwd,Azul I,31,55,2
199071,cmlmgwve10019p4zcufhdx1fo,jlmvlskhdofdgywx21537tyml,kictfeqiufvvxrzw98246guwd,Amarilla,17,52,1
199282,cmlmgwve10019p4zcufhdx1fo,jlmvlskhdofdgywx21537tyml,kictfeqiufvvxrzw98246guwd,Falta,31,55,2
199091,cmlmgwve10019p4zcufhdx1fo,niujlcyjulnsrfss48567ijaa,almdhlmfugeztdaf03865ceak,Falta,19,10,1
199286,cmlmgwve10019p4zcufhdx1fo,jlmvlskhdofdgywx21537tyml,udnworcgyubqgwpk74558jelq,Falta,32,17,2
199294,cmlmgwve10019p4zcufhdx1fo,niujlcyjulnsrfss48567ijaa,gshliuhnlasqvktc50680cuwr,Gol,32,17,2
199302,cmlmgwve10019p4zcufhdx1fo,niujlcyjulnsrfss48567ijaa,xfmvnkwgbykcfgdb80036fiqs,Falta,32,37,2
199313,cmlmgwve10019p4zcufhdx1fo,niujlcyjulnsrfss48567ijaa,nvwfufqqtpfmmlwc32048ocpu,Falta,32,40,2
199352,cmlmgwve10019p4zcufhdx1fo,niujlcyjulnsrfss48567ijaa,ubyjkpzfhzwfkyvb84363nrmd,Falta,35,0,2
199354,cmlmgwve10019p4zcufhdx1fo,niujlcyjulnsrfss48567ijaa,ubyjkpzfhzwfkyvb84363nrmd,Amarilla,35,11,2
199363,cmlmgwve10019p4zcufhdx1fo,niujlcyjulnsrfss48567ijaa,gshliuhnlasqvktc50680cuwr,Gol,36,4,2
199366,cmlmgwve10019p4zcufhdx1fo,niujlcyjulnsrfss48567ijaa,xfmvnkwgbykcfgdb80036fiqs,Amarilla,36,14,2
199399,cmlmgwve10019p4zcufhdx1fo,jlmvlskhdofdgywx21537tyml,fxhitdmsxnjsubfv50634ifju,Gol,39,9,2
199400,cmlmgwve10019p4zcufhdx1fo,jlmvlskhdofdgywx21537tyml,iecletsiojeyrfsd16943btzv,Roja,39,9,2
199406,cmlmgwve10019p4zcufhdx1fo,jlmvlskhdofdgywx21537tyml,wwdwwcnhoaxnwvbt84913gcak,Roja,39,9,2
199419,cmlmgwve10019p4zcufhdx1fo,jlmvlskhdofdgywx21537tyml,udnworcgyubqgwpk74558jelq,Azul D,20,1,2
199019,cmlmgwve10018p4zcin83vnmu,clv9y14tc0002s5sdcij3kdes,sqwqhvxspzepiwvg64420nqfy,Falta,0,16,1
199219,cmlmgwve10018p4zcin83vnmu,wejbvnpjfddprayi56851nywm,modozuykpdhasrrd59700gsil,Falta,22,33,2
199032,cmlmgwve10018p4zcin83vnmu,wejbvnpjfddprayi56851nywm,bgnsshgovokfxatt28054vvfh,Falta,2,30,1
199220,cmlmgwve10018p4zcin83vnmu,wejbvnpjfddprayi56851nywm,modozuykpdhasrrd59700gsil,Amarilla,22,33,2
199224,cmlmgwve10018p4zcin83vnmu,clv9y14tc0002s5sdcij3kdes,wphfyqixvcvmysfq50759agfx,Falta,22,46,2
199064,cmlmgwve10018p4zcin83vnmu,clv9y14tc0002s5sdcij3kdes,hgmhzdbeplltkplw50565lyra,Falta,7,7,1
199070,cmlmgwve10018p4zcin83vnmu,clv9y14tc0002s5sdcij3kdes,cnenfrmhvchussdj23228exgr,Gol,8,11,1
199253,cmlmgwve10018p4zcin83vnmu,wejbvnpjfddprayi56851nywm,modozuykpdhasrrd59700gsil,Gol,24,45,2
199073,cmlmgwve10018p4zcin83vnmu,wejbvnpjfddprayi56851nywm,oweqwnkkgqsabdxl31729icze,Falta,8,54,1
199259,cmlmgwve10018p4zcin83vnmu,clv9y14tc0002s5sdcij3kdes,hgmhzdbeplltkplw50565lyra,Falta,24,59,2
199260,cmlmgwve10018p4zcin83vnmu,clv9y14tc0002s5sdcij3kdes,hgmhzdbeplltkplw50565lyra,Amarilla,24,59,2
199085,cmlmgwve10018p4zcin83vnmu,wejbvnpjfddprayi56851nywm,modozuykpdhasrrd59700gsil,Falta,10,59,1
199296,cmlmgwve10018p4zcin83vnmu,wejbvnpjfddprayi56851nywm,bgnsshgovokfxatt28054vvfh,Falta,29,38,2
199087,cmlmgwve10018p4zcin83vnmu,wejbvnpjfddprayi56851nywm,uwzuhixliyfcyivo31884yupu,Amarilla,10,59,1
199298,cmlmgwve10018p4zcin83vnmu,wejbvnpjfddprayi56851nywm,bgnsshgovokfxatt28054vvfh,Amarilla,29,38,2
199105,cmlmgwve10018p4zcin83vnmu,clv9y14tc0002s5sdcij3kdes,uknugtsfpiooydwb38764lbdg,Gol,12,51,1
199120,cmlmgwve10018p4zcin83vnmu,wejbvnpjfddprayi56851nywm,vjxsgmvoqsofovdh70322vdat,Falta,14,44,1
199314,cmlmgwve10018p4zcin83vnmu,clv9y14tc0002s5sdcij3kdes,pmskxxwzrhdbjzpb31162pnjm,Falta,30,41,2
199322,cmlmgwve10018p4zcin83vnmu,wejbvnpjfddprayi56851nywm,kssgjatjyiywzhmb05202jygx,Gol,31,4,2
199121,cmlmgwve10018p4zcin83vnmu,wejbvnpjfddprayi56851nywm,vjxsgmvoqsofovdh70322vdat,Amarilla,14,44,1
199139,cmlmgwve10018p4zcin83vnmu,wejbvnpjfddprayi56851nywm,bgnsshgovokfxatt28054vvfh,Falta,18,10,1
199346,cmlmgwve10018p4zcin83vnmu,clv9y14tc0002s5sdcij3kdes,uknugtsfpiooydwb38764lbdg,Amarilla,31,37,2
199356,cmlmgwve10018p4zcin83vnmu,clv9y14tc0002s5sdcij3kdes,qqpfagtxivawsyez53999saby,Falta,32,59,2
199357,cmlmgwve10018p4zcin83vnmu,clv9y14tc0002s5sdcij3kdes,qqpfagtxivawsyez53999saby,Amarilla,32,59,2
199370,cmlmgwve10018p4zcin83vnmu,wejbvnpjfddprayi56851nywm,vjxsgmvoqsofovdh70322vdat,Falta,33,49,2
199371,cmlmgwve10018p4zcin83vnmu,wejbvnpjfddprayi56851nywm,vjxsgmvoqsofovdh70322vdat,Azul I,33,49,2
199372,cmlmgwve10018p4zcin83vnmu,clv9y14tc0002s5sdcij3kdes,uknugtsfpiooydwb38764lbdg,Azul I,33,49,2
199373,cmlmgwve10018p4zcin83vnmu,clv9y14tc0002s5sdcij3kdes,rkhdixqsmiilhijf91802xiwt,Amarilla,33,49,2
199382,cmlmgwve10018p4zcin83vnmu,clv9y14tc0002s5sdcij3kdes,wphfyqixvcvmysfq50759agfx,Amarilla,34,20,2
199389,cmlmgwve10018p4zcin83vnmu,wejbvnpjfddprayi56851nywm,oweqwnkkgqsabdxl31729icze,Gol,35,5,2
199395,cmlmgwve10018p4zcin83vnmu,wejbvnpjfddprayi56851nywm,modozuykpdhasrrd59700gsil,Falta,35,58,2
199403,cmlmgwve10018p4zcin83vnmu,wejbvnpjfddprayi56851nywm,modozuykpdhasrrd59700gsil,Azul I,37,18,2
199404,cmlmgwve10018p4zcin83vnmu,wejbvnpjfddprayi56851nywm,modozuykpdhasrrd59700gsil,Falta,37,18,2
199426,cmlmgwve10018p4zcin83vnmu,wejbvnpjfddprayi56851nywm,oweqwnkkgqsabdxl31729icze,Amarilla,39,54,2
199427,cmlmgwve10018p4zcin83vnmu,wejbvnpjfddprayi56851nywm,oweqwnkkgqsabdxl31729icze,Falta,39,54,2
199433,cmlmgwve10018p4zcin83vnmu,wejbvnpjfddprayi56851nywm,modozuykpdhasrrd59700gsil,Roja,39,54,2
199210,cmlmgwve10014p4zclcmy1a0q,tziicpsffzkwooln63257wnaj,ylwkxwfmiaphllzl84691xqhj,Falta,21,30,2
199020,cmlmgwve10014p4zclcmy1a0q,tziicpsffzkwooln63257wnaj,lwayiagfqwvcuxoc01440xcjq,Falta,1,16,1
199022,cmlmgwve10014p4zclcmy1a0q,tziicpsffzkwooln63257wnaj,exmwtixfxaiixzfi70465httk,Falta,2,0,1
199222,cmlmgwve10014p4zclcmy1a0q,qcovjxoltlivasyy94560eqge,nexvcgvflpfuhmys37699fnfz,Falta,22,23,2
199038,cmlmgwve10014p4zclcmy1a0q,qcovjxoltlivasyy94560eqge,jjfrkysfcllcxtyr18359fkii,Falta,4,5,1
199234,cmlmgwve10014p4zclcmy1a0q,qcovjxoltlivasyy94560eqge,ayqzuxeolapxwyui60900xfrx,Falta,23,3,2
199093,cmlmgwve10014p4zclcmy1a0q,qcovjxoltlivasyy94560eqge,jjfrkysfcllcxtyr18359fkii,Falta,11,54,1
199254,cmlmgwve10014p4zclcmy1a0q,tziicpsffzkwooln63257wnaj,ylwkxwfmiaphllzl84691xqhj,Amarilla,23,55,2
199306,cmlmgwve10014p4zclcmy1a0q,qcovjxoltlivasyy94560eqge,iuvafvbfkawggice64819yqih,Falta,28,34,2
199104,cmlmgwve10014p4zclcmy1a0q,tziicpsffzkwooln63257wnaj,sjypimxutaqlztxn53591hqoa,Falta,14,1,1
199116,cmlmgwve10014p4zclcmy1a0q,tziicpsffzkwooln63257wnaj,tqqqiygwugmljwvl61514lkkr,Gol,15,47,1
199307,cmlmgwve10014p4zclcmy1a0q,qcovjxoltlivasyy94560eqge,iuvafvbfkawggice64819yqih,Amarilla,28,34,2
199326,cmlmgwve10014p4zclcmy1a0q,qcovjxoltlivasyy94560eqge,vagnbtcrgepflefe19000moob,Falta,29,45,2
199122,cmlmgwve10014p4zclcmy1a0q,tziicpsffzkwooln63257wnaj,svbpsmayllbmhqkr18644jgkd,Falta,16,5,1
199327,cmlmgwve10014p4zclcmy1a0q,qcovjxoltlivasyy94560eqge,vagnbtcrgepflefe19000moob,Amarilla,29,45,2
199147,cmlmgwve10014p4zclcmy1a0q,tziicpsffzkwooln63257wnaj,lwayiagfqwvcuxoc01440xcjq,Falta,19,44,1
199351,cmlmgwve10014p4zclcmy1a0q,qcovjxoltlivasyy94560eqge,jjfrkysfcllcxtyr18359fkii,Falta,31,2,2
199365,cmlmgwve10014p4zclcmy1a0q,tziicpsffzkwooln63257wnaj,tqqqiygwugmljwvl61514lkkr,Amarilla,32,1,2
199415,cmlmgwve10014p4zclcmy1a0q,tziicpsffzkwooln63257wnaj,ylwkxwfmiaphllzl84691xqhj,Falta,37,1,2
199416,cmlmgwve10014p4zclcmy1a0q,qcovjxoltlivasyy94560eqge,iuvafvbfkawggice64819yqih,Falta,37,13,2
199438,cmlmgwve10014p4zclcmy1a0q,tziicpsffzkwooln63257wnaj,iczixiteyphrskdr73949suvc,Gol,38,27,2
199439,cmlmgwve10014p4zclcmy1a0q,qcovjxoltlivasyy94560eqge,jjfrkysfcllcxtyr18359fkii,Falta,38,33,2
199440,cmlmgwve10014p4zclcmy1a0q,qcovjxoltlivasyy94560eqge,jjfrkysfcllcxtyr18359fkii,Amarilla,38,33,2
199443,cmlmgwve10014p4zclcmy1a0q,tziicpsffzkwooln63257wnaj,svbpsmayllbmhqkr18644jgkd,Falta,39,18,2
199444,cmlmgwve10014p4zclcmy1a0q,tziicpsffzkwooln63257wnaj,svbpsmayllbmhqkr18644jgkd,Amarilla,39,18,2
199030,cmlmgwve10013p4zc85u5hv1u,rvrkcfvivhratbxd30828eoll,hlgcxzenrvhmhzbr24622pzgv,Falta,2,36,1
199199,cmlmgwve10013p4zc85u5hv1u,rvrkcfvivhratbxd30828eoll,gfejqtissiscyyjp60836hyzx,Falta,21,0,2
199051,cmlmgwve10013p4zc85u5hv1u,xxvykydpifsapfau72439crkk,dbloiblqvfgeqpws31645jjrx,Gol,4,51,1
199200,cmlmgwve10013p4zc85u5hv1u,rvrkcfvivhratbxd30828eoll,gfejqtissiscyyjp60836hyzx,Amarilla,21,0,2
199063,cmlmgwve10013p4zc85u5hv1u,xxvykydpifsapfau72439crkk,amegxdgrdhocslus21603odsn,Falta,6,37,1
199211,cmlmgwve10013p4zc85u5hv1u,xxvykydpifsapfau72439crkk,adqngylzysggqsuk17762eojk,Falta,22,15,2
199080,cmlmgwve10013p4zc85u5hv1u,rvrkcfvivhratbxd30828eoll,jxwdfrcpujximtoe01979juty,Falta,10,16,1
199214,cmlmgwve10013p4zc85u5hv1u,xxvykydpifsapfau72439crkk,adqngylzysggqsuk17762eojk,Amarilla,22,15,2
199258,cmlmgwve10013p4zc85u5hv1u,xxvykydpifsapfau72439crkk,ptsowgsrpotygzjf71685ibkx,Falta,25,53,2
199088,cmlmgwve10013p4zc85u5hv1u,rvrkcfvivhratbxd30828eoll,xcjmxxeztcivdmtr28710ywjt,Falta,11,10,1
199308,cmlmgwve10013p4zc85u5hv1u,rvrkcfvivhratbxd30828eoll,hnqpyrzkubbuflyn29385hbax,Falta,31,6,2
199090,cmlmgwve10013p4zc85u5hv1u,rvrkcfvivhratbxd30828eoll,xcjmxxeztcivdmtr28710ywjt,Amarilla,11,10,1
199310,cmlmgwve10013p4zc85u5hv1u,rvrkcfvivhratbxd30828eoll,hnqpyrzkubbuflyn29385hbax,Amarilla,31,6,2
199133,cmlmgwve10013p4zc85u5hv1u,xxvykydpifsapfau72439crkk,amegxdgrdhocslus21603odsn,Falta,18,20,1
199149,cmlmgwve10013p4zc85u5hv1u,xxvykydpifsapfau72439crkk,ffyxedtenjtgtbuk92194xprj,Falta,19,0,1
199320,cmlmgwve10013p4zc85u5hv1u,xxvykydpifsapfau72439crkk,adqngylzysggqsuk17762eojk,Falta,31,36,2
199330,cmlmgwve10013p4zc85u5hv1u,xxvykydpifsapfau72439crkk,emqiznqijjvhmtzl09919ghvs,Gol,32,33,2
199376,cmlmgwve10013p4zc85u5hv1u,xxvykydpifsapfau72439crkk,dbloiblqvfgeqpws31645jjrx,Falta,36,20,2
199411,cmlmgwve10013p4zc85u5hv1u,rvrkcfvivhratbxd30828eoll,jxwdfrcpujximtoe01979juty,Lesionado,25,0,2
199167,cmlmgwve10016p4zcf2gzuuui,uuouhvydksjxykxe23230jxen,tmzgwzyexutlvfxj29453hczz,Falta,10,8,1
199398,cmlmgwve10016p4zcf2gzuuui,uuouhvydksjxykxe23230jxen,cushioduaggyckgh40129birh,Falta,20,37,2
199401,cmlmgwve10016p4zcf2gzuuui,uuouhvydksjxykxe23230jxen,tmzgwzyexutlvfxj29453hczz,Falta,21,20,2
199174,cmlmgwve10016p4zcf2gzuuui,buqhdbuybepnrwfj45861sfmv,tyenjutcffaxkfwt95392audp,Falta,11,42,1
199430,cmlmgwve10016p4zcf2gzuuui,buqhdbuybepnrwfj45861sfmv,cvcxmfmvrwrcysjt24451treu,Falta,25,59,2
199182,cmlmgwve10016p4zcf2gzuuui,uuouhvydksjxykxe23230jxen,xpbxxqrffxoroevi36659enep,Falta,12,14,1
199448,cmlmgwve10016p4zcf2gzuuui,uuouhvydksjxykxe23230jxen,jglpinrdehuymlio85622aqxj,Falta,28,19,2
199186,cmlmgwve10016p4zcf2gzuuui,buqhdbuybepnrwfj45861sfmv,xzebiopakxjtptwg99499bnlr,Gol,12,19,1
199451,cmlmgwve10016p4zcf2gzuuui,uuouhvydksjxykxe23230jxen,jglpinrdehuymlio85622aqxj,Amarilla,28,56,2
199194,cmlmgwve10016p4zcf2gzuuui,buqhdbuybepnrwfj45861sfmv,hxnlaxmrunftwywq91798skbs,Falta,12,57,1
199195,cmlmgwve10016p4zcf2gzuuui,buqhdbuybepnrwfj45861sfmv,hxnlaxmrunftwywq91798skbs,Amarilla,12,57,1
199456,cmlmgwve10016p4zcf2gzuuui,uuouhvydksjxykxe23230jxen,xpbxxqrffxoroevi36659enep,Falta,29,7,2
199197,cmlmgwve10016p4zcf2gzuuui,uuouhvydksjxykxe23230jxen,hurvgctrftuouari94684pcuq,Gol,13,18,1
199457,cmlmgwve10016p4zcf2gzuuui,uuouhvydksjxykxe23230jxen,xpbxxqrffxoroevi36659enep,Amarilla,29,7,2
199464,cmlmgwve10016p4zcf2gzuuui,buqhdbuybepnrwfj45861sfmv,xzebiopakxjtptwg99499bnlr,Falta,30,18,2
199201,cmlmgwve10016p4zcf2gzuuui,uuouhvydksjxykxe23230jxen,xpbxxqrffxoroevi36659enep,Falta,13,29,1
199467,cmlmgwve10016p4zcf2gzuuui,uuouhvydksjxykxe23230jxen,jbgunircnhxmtaxd80189tfmr,Falta,30,29,2
199218,cmlmgwve10016p4zcf2gzuuui,uuouhvydksjxykxe23230jxen,jbgunircnhxmtaxd80189tfmr,Falta,14,32,1
199221,cmlmgwve10016p4zcf2gzuuui,uuouhvydksjxykxe23230jxen,jbgunircnhxmtaxd80189tfmr,Amarilla,14,32,1
199498,cmlmgwve10016p4zcf2gzuuui,buqhdbuybepnrwfj45861sfmv,tgmvdedunfjnydbk49293hknr,Gol,33,33,2
199499,cmlmgwve10016p4zcf2gzuuui,buqhdbuybepnrwfj45861sfmv,tgmvdedunfjnydbk49293hknr,Falta,34,24,2
199243,cmlmgwve10016p4zcf2gzuuui,buqhdbuybepnrwfj45861sfmv,tyenjutcffaxkfwt95392audp,Amarilla,15,2,1
199255,cmlmgwve10016p4zcf2gzuuui,buqhdbuybepnrwfj45861sfmv,fdicrnmwjgskkana95743osoy,Falta,15,30,1
199507,cmlmgwve10016p4zcf2gzuuui,uuouhvydksjxykxe23230jxen,jglpinrdehuymlio85622aqxj,Gol,34,45,2
199257,cmlmgwve10016p4zcf2gzuuui,buqhdbuybepnrwfj45861sfmv,fdicrnmwjgskkana95743osoy,Amarilla,15,30,1
199526,cmlmgwve10016p4zcf2gzuuui,buqhdbuybepnrwfj45861sfmv,pehplawybxsffdue59913tnkn,Falta,36,30,2
199263,cmlmgwve10016p4zcf2gzuuui,buqhdbuybepnrwfj45861sfmv,pbxutxgnsdlwjbbp13438giyg,Falta,16,27,1
199527,cmlmgwve10016p4zcf2gzuuui,buqhdbuybepnrwfj45861sfmv,pehplawybxsffdue59913tnkn,Amarilla,36,30,2
199537,cmlmgwve10016p4zcf2gzuuui,uuouhvydksjxykxe23230jxen,cmm51vv5g00aip4bl1vxgu5l7,Roja,37,47,2
199267,cmlmgwve10016p4zcf2gzuuui,uuouhvydksjxykxe23230jxen,lycwrxgsvohrncbl03128bjqr,Falta,16,34,1
199543,cmlmgwve10016p4zcf2gzuuui,uuouhvydksjxykxe23230jxen,xpbxxqrffxoroevi36659enep,Falta,39,50,2
199270,cmlmgwve10016p4zcf2gzuuui,uuouhvydksjxykxe23230jxen,lycwrxgsvohrncbl03128bjqr,Amarilla,16,36,1
199303,cmlmgwve10016p4zcf2gzuuui,uuouhvydksjxykxe23230jxen,lycwrxgsvohrncbl03128bjqr,Falta,18,24,1
199547,cmlmgwve10016p4zcf2gzuuui,uuouhvydksjxykxe23230jxen,cmlgz1mxe000bp4igoqwnvhc9,Amarilla,39,56,2
200243,cmlmgwve10017p4zclmc644bc,xiixkzqhypqkmtyr19648wlcf,aedambtwgtwnbbvp08925yqzz,Falta,0,49,1
200351,cmlmgwve10017p4zclmc644bc,xiixkzqhypqkmtyr19648wlcf,syxiwrkdszarydtk88728aqus,Amarilla,21,27,2
200357,cmlmgwve10017p4zclmc644bc,xiixkzqhypqkmtyr19648wlcf,sorlzykzhzectdzx69833clav,Falta,23,42,2
200244,cmlmgwve10017p4zclmc644bc,xiixkzqhypqkmtyr19648wlcf,aedambtwgtwnbbvp08925yqzz,Amarilla,0,49,1
200359,cmlmgwve10017p4zclmc644bc,iqsonebbiywvoxzr63562kwcg,afntgrpdtrwpvcok95534picb,Gol,23,42,2
200260,cmlmgwve10017p4zclmc644bc,xiixkzqhypqkmtyr19648wlcf,kfygyyygwzbemold48396vorx,Gol,5,18,1
200265,cmlmgwve10017p4zclmc644bc,iqsonebbiywvoxzr63562kwcg,pkcgdkhnhphseppf51716uuft,Falta,5,44,1
200380,cmlmgwve10017p4zclmc644bc,xiixkzqhypqkmtyr19648wlcf,rdwwqlgseoknhlkz00858jbnx,Gol,30,15,2
200273,cmlmgwve10017p4zclmc644bc,xiixkzqhypqkmtyr19648wlcf,aedambtwgtwnbbvp08925yqzz,Falta,6,33,1
200396,cmlmgwve10017p4zclmc644bc,xiixkzqhypqkmtyr19648wlcf,mhrrbdmuqpkdcdrp53938jsjd,Falta,34,3,2
200403,cmlmgwve10017p4zclmc644bc,xiixkzqhypqkmtyr19648wlcf,kdfzkbmqvhlsspgs98141jcqm,Falta,35,15,2
200274,cmlmgwve10017p4zclmc644bc,xiixkzqhypqkmtyr19648wlcf,aedambtwgtwnbbvp08925yqzz,Azul I,6,33,1
200278,cmlmgwve10017p4zclmc644bc,xiixkzqhypqkmtyr19648wlcf,zzyidmlygohvnyzg48033ujue,Falta,7,18,1
200405,cmlmgwve10017p4zclmc644bc,iqsonebbiywvoxzr63562kwcg,ebmeyhvskdjwlkar45961ccuu,Falta,35,55,2
200279,cmlmgwve10017p4zclmc644bc,iqsonebbiywvoxzr63562kwcg,upkaggieqasgfygg54804hsrf,Amarilla,7,53,1
200408,cmlmgwve10017p4zclmc644bc,iqsonebbiywvoxzr63562kwcg,ebmeyhvskdjwlkar45961ccuu,Amarilla,35,55,2
200280,cmlmgwve10017p4zclmc644bc,xiixkzqhypqkmtyr19648wlcf,rdwwqlgseoknhlkz00858jbnx,Amarilla,7,53,1
200416,cmlmgwve10017p4zclmc644bc,xiixkzqhypqkmtyr19648wlcf,kdfzkbmqvhlsspgs98141jcqm,Gol,37,4,2
200418,cmlmgwve10017p4zclmc644bc,xiixkzqhypqkmtyr19648wlcf,kdfzkbmqvhlsspgs98141jcqm,Amarilla,37,4,2
200281,cmlmgwve10017p4zclmc644bc,xiixkzqhypqkmtyr19648wlcf,sorlzykzhzectdzx69833clav,Falta,8,53,1
200434,cmlmgwve10017p4zclmc644bc,iqsonebbiywvoxzr63562kwcg,yheiidbikorkcabs75336ljct,Amarilla,39,48,2
200282,cmlmgwve10017p4zclmc644bc,xiixkzqhypqkmtyr19648wlcf,sorlzykzhzectdzx69833clav,Amarilla,8,57,1
200283,cmlmgwve10017p4zclmc644bc,iqsonebbiywvoxzr63562kwcg,wvyaczxmewsvnfzm81522grvt,Falta,9,35,1
200284,cmlmgwve10017p4zclmc644bc,xiixkzqhypqkmtyr19648wlcf,kfygyyygwzbemold48396vorx,Falta,10,1,1
200287,cmlmgwve10017p4zclmc644bc,iqsonebbiywvoxzr63562kwcg,upkaggieqasgfygg54804hsrf,Falta,11,8,1
200290,cmlmgwve10017p4zclmc644bc,iqsonebbiywvoxzr63562kwcg,cricfsiueuecejig72397egrb,Falta,13,11,1
200291,cmlmgwve10017p4zclmc644bc,iqsonebbiywvoxzr63562kwcg,cricfsiueuecejig72397egrb,Amarilla,13,11,1
200295,cmlmgwve10017p4zclmc644bc,xiixkzqhypqkmtyr19648wlcf,mbulgykktxlvtwqz51559zzkh,Amarilla,13,37,1
200302,cmlmgwve10017p4zclmc644bc,xiixkzqhypqkmtyr19648wlcf,rdwwqlgseoknhlkz00858jbnx,Gol,16,10,1
200305,cmlmgwve10017p4zclmc644bc,iqsonebbiywvoxzr63562kwcg,ktsboxmqxjrcwfup12298ejzz,Falta,16,33,1
200306,cmlmgwve10017p4zclmc644bc,iqsonebbiywvoxzr63562kwcg,ktsboxmqxjrcwfup12298ejzz,Amarilla,16,33,1
200309,cmlmgwve10017p4zclmc644bc,xiixkzqhypqkmtyr19648wlcf,zzyidmlygohvnyzg48033ujue,Gol,16,40,1
198079,cmlmgwve1000zp4zcrfd0wo28,xiixkzqhypqkmtyr19648wlcf,sorlzykzhzectdzx69833clav,Falta,2,39,1
198194,cmlmgwve1000zp4zcrfd0wo28,xiixkzqhypqkmtyr19648wlcf,zzyidmlygohvnyzg48033ujue,Falta,20,9,2
198083,cmlmgwve1000zp4zcrfd0wo28,uuouhvydksjxykxe23230jxen,xpbxxqrffxoroevi36659enep,Falta,6,30,1
198199,cmlmgwve1000zp4zcrfd0wo28,uuouhvydksjxykxe23230jxen,psevfcxksbzcevui49120qmtz,Falta,29,57,2
198202,cmlmgwve1000zp4zcrfd0wo28,xiixkzqhypqkmtyr19648wlcf,zzyidmlygohvnyzg48033ujue,Falta,23,14,2
198089,cmlmgwve1000zp4zcrfd0wo28,uuouhvydksjxykxe23230jxen,jbgunircnhxmtaxd80189tfmr,Falta,11,51,1
198206,cmlmgwve1000zp4zcrfd0wo28,uuouhvydksjxykxe23230jxen,egnrcegjduvmztrf79763vxfq,Falta,25,36,2
198090,cmlmgwve1000zp4zcrfd0wo28,uuouhvydksjxykxe23230jxen,hurvgctrftuouari94684pcuq,Falta,12,17,1
198209,cmlmgwve1000zp4zcrfd0wo28,xiixkzqhypqkmtyr19648wlcf,kfygyyygwzbemold48396vorx,Gol,25,49,2
198096,cmlmgwve1000zp4zcrfd0wo28,xiixkzqhypqkmtyr19648wlcf,kdfzkbmqvhlsspgs98141jcqm,Gol,13,34,1
198104,cmlmgwve1000zp4zcrfd0wo28,uuouhvydksjxykxe23230jxen,tmzgwzyexutlvfxj29453hczz,Falta,14,6,1
198213,cmlmgwve1000zp4zcrfd0wo28,xiixkzqhypqkmtyr19648wlcf,sorlzykzhzectdzx69833clav,Falta,26,1,2
198117,cmlmgwve1000zp4zcrfd0wo28,uuouhvydksjxykxe23230jxen,mlnbipethstqhaoh74053vuec,Falta,15,27,1
198217,cmlmgwve1000zp4zcrfd0wo28,uuouhvydksjxykxe23230jxen,xpbxxqrffxoroevi36659enep,Azul I,26,6,2
198118,cmlmgwve1000zp4zcrfd0wo28,uuouhvydksjxykxe23230jxen,mlnbipethstqhaoh74053vuec,Amarilla,15,27,1
198229,cmlmgwve1000zp4zcrfd0wo28,xiixkzqhypqkmtyr19648wlcf,kdfzkbmqvhlsspgs98141jcqm,Falta,28,33,2
198130,cmlmgwve1000zp4zcrfd0wo28,xiixkzqhypqkmtyr19648wlcf,tapxwjiipikjlmda31396dsum,Falta,17,37,1
198230,cmlmgwve1000zp4zcrfd0wo28,xiixkzqhypqkmtyr19648wlcf,kdfzkbmqvhlsspgs98141jcqm,Amarilla,28,33,2
198134,cmlmgwve1000zp4zcrfd0wo28,xiixkzqhypqkmtyr19648wlcf,tapxwjiipikjlmda31396dsum,Amarilla,17,37,1
198234,cmlmgwve1000zp4zcrfd0wo28,xiixkzqhypqkmtyr19648wlcf,kfygyyygwzbemold48396vorx,Gol,29,7,2
198141,cmlmgwve1000zp4zcrfd0wo28,xiixkzqhypqkmtyr19648wlcf,sorlzykzhzectdzx69833clav,Falta,18,24,1
198238,cmlmgwve1000zp4zcrfd0wo28,uuouhvydksjxykxe23230jxen,psevfcxksbzcevui49120qmtz,Falta,29,39,2
198145,cmlmgwve1000zp4zcrfd0wo28,xiixkzqhypqkmtyr19648wlcf,zzyidmlygohvnyzg48033ujue,Falta,19,3,1
198243,cmlmgwve1000zp4zcrfd0wo28,xiixkzqhypqkmtyr19648wlcf,tapxwjiipikjlmda31396dsum,Gol,30,5,2
198276,cmlmgwve1000zp4zcrfd0wo28,xiixkzqhypqkmtyr19648wlcf,kfygyyygwzbemold48396vorx,Falta,32,55,2
198148,cmlmgwve1000zp4zcrfd0wo28,uuouhvydksjxykxe23230jxen,xpbxxqrffxoroevi36659enep,Amarilla,19,47,1
198284,cmlmgwve1000zp4zcrfd0wo28,uuouhvydksjxykxe23230jxen,xwsfwupjnvtzkknq80385iqak,Falta,33,40,2
198285,cmlmgwve1000zp4zcrfd0wo28,uuouhvydksjxykxe23230jxen,xwsfwupjnvtzkknq80385iqak,Amarilla,33,40,2
198313,cmlmgwve1000zp4zcrfd0wo28,xiixkzqhypqkmtyr19648wlcf,hsunbnpfqzbuqrln05892lnpj,Falta,37,55,2
198316,cmlmgwve1000zp4zcrfd0wo28,xiixkzqhypqkmtyr19648wlcf,hsunbnpfqzbuqrln05892lnpj,Amarilla,38,0,2
198327,cmlmgwve1000zp4zcrfd0wo28,uuouhvydksjxykxe23230jxen,cmluxd9r7001lp4yibf5pof22,Amarilla,39,31,2
198328,cmlmgwve1000zp4zcrfd0wo28,uuouhvydksjxykxe23230jxen,fqogmympuywsbxdx05680bjgp,Falta,39,40,2
198168,cmlmgwve10011p4zc58r8m82n,wejbvnpjfddprayi56851nywm,vjxsgmvoqsofovdh70322vdat,Amarilla,21,36,2
198080,cmlmgwve10011p4zc58r8m82n,wejbvnpjfddprayi56851nywm,oweqwnkkgqsabdxl31729icze,Gol,5,0,1
198169,cmlmgwve10011p4zc58r8m82n,wejbvnpjfddprayi56851nywm,vjxsgmvoqsofovdh70322vdat,Falta,21,35,2
198081,cmlmgwve10011p4zc58r8m82n,wejbvnpjfddprayi56851nywm,oxrhlnpkvylmqsbp61622mftk,Falta,6,21,1
198082,cmlmgwve10011p4zc58r8m82n,wejbvnpjfddprayi56851nywm,iqlcgttxmxkiipdg88570zoxp,Falta,6,34,1
198183,cmlmgwve10011p4zc58r8m82n,niujlcyjulnsrfss48567ijaa,cmfwxjn2g00cup4ze6nbs0qf7,Amarilla,24,7,2
198191,cmlmgwve10011p4zc58r8m82n,niujlcyjulnsrfss48567ijaa,nogpidimltuazusa02690lcyg,Falta,26,15,2
198084,cmlmgwve10011p4zc58r8m82n,wejbvnpjfddprayi56851nywm,uwzuhixliyfcyivo31884yupu,Gol,7,22,1
198085,cmlmgwve10011p4zc58r8m82n,niujlcyjulnsrfss48567ijaa,gshliuhnlasqvktc50680cuwr,Amarilla,9,10,1
198210,cmlmgwve10011p4zc58r8m82n,niujlcyjulnsrfss48567ijaa,nogpidimltuazusa02690lcyg,Amarilla,31,40,2
198211,cmlmgwve10011p4zc58r8m82n,niujlcyjulnsrfss48567ijaa,nogpidimltuazusa02690lcyg,Falta,31,40,2
198086,cmlmgwve10011p4zc58r8m82n,wejbvnpjfddprayi56851nywm,sflcuyksdqkbniwv02748aytd,Falta,9,36,1
198087,cmlmgwve10011p4zc58r8m82n,wejbvnpjfddprayi56851nywm,sflcuyksdqkbniwv02748aytd,Amarilla,9,36,1
198219,cmlmgwve10011p4zc58r8m82n,wejbvnpjfddprayi56851nywm,slhvjgrshrxpwcen51667ubry,Amarilla,32,11,2
198220,cmlmgwve10011p4zc58r8m82n,wejbvnpjfddprayi56851nywm,slhvjgrshrxpwcen51667ubry,Falta,32,20,2
198088,cmlmgwve10011p4zc58r8m82n,niujlcyjulnsrfss48567ijaa,gshliuhnlasqvktc50680cuwr,Gol,9,36,1
198097,cmlmgwve10011p4zc58r8m82n,niujlcyjulnsrfss48567ijaa,nvwfufqqtpfmmlwc32048ocpu,Falta,14,28,1
198224,cmlmgwve10011p4zc58r8m82n,niujlcyjulnsrfss48567ijaa,ubyjkpzfhzwfkyvb84363nrmd,Falta,33,44,2
198257,cmlmgwve10011p4zc58r8m82n,niujlcyjulnsrfss48567ijaa,nvwfufqqtpfmmlwc32048ocpu,Falta,37,25,2
198098,cmlmgwve10011p4zc58r8m82n,niujlcyjulnsrfss48567ijaa,nvwfufqqtpfmmlwc32048ocpu,Amarilla,14,28,1
198265,cmlmgwve10011p4zc58r8m82n,wejbvnpjfddprayi56851nywm,oweqwnkkgqsabdxl31729icze,Amarilla,37,36,2
198114,cmlmgwve10011p4zc58r8m82n,wejbvnpjfddprayi56851nywm,dppkotcgbabvshsc50912nojo,Falta,16,57,1
198267,cmlmgwve10011p4zc58r8m82n,wejbvnpjfddprayi56851nywm,oweqwnkkgqsabdxl31729icze,Falta,37,36,2
198273,cmlmgwve10011p4zc58r8m82n,wejbvnpjfddprayi56851nywm,oweqwnkkgqsabdxl31729icze,Azul I,38,20,2
198274,cmlmgwve10011p4zc58r8m82n,niujlcyjulnsrfss48567ijaa,jsudzfrxbvmqtysr20639ikjc,Amarilla,38,20,2
198281,cmlmgwve10011p4zc58r8m82n,niujlcyjulnsrfss48567ijaa,cmfwxjn2g00cup4ze6nbs0qf7,Falta,38,58,2
198287,cmlmgwve10011p4zc58r8m82n,niujlcyjulnsrfss48567ijaa,nvwfufqqtpfmmlwc32048ocpu,Azul I,39,0,2
198294,cmlmgwve10011p4zc58r8m82n,niujlcyjulnsrfss48567ijaa,krkwmxdicmricjqe26619ssrl,Azul D,39,0,2
198244,cmlmgwve10010p4zc1rxlyvav,clv9y14tc0002s5sdcij3kdes,bqzipopvdxoribap48494nuva,Gol,20,49,2
198103,cmlmgwve10010p4zc1rxlyvav,iqsonebbiywvoxzr63562kwcg,bdkwaiyrglasrwnc35863znrr,Gol,1,2,1
198132,cmlmgwve10010p4zc1rxlyvav,iqsonebbiywvoxzr63562kwcg,cmls29gnw00kbp4cuqv4cwfc5,Gol,7,1,1
198258,cmlmgwve10010p4zc1rxlyvav,iqsonebbiywvoxzr63562kwcg,ulxldsijichhvuwo20561jzgv,Amarilla,22,31,2
198135,cmlmgwve10010p4zc1rxlyvav,iqsonebbiywvoxzr63562kwcg,cmls29gnw00kbp4cuqv4cwfc5,Falta,7,21,1
198261,cmlmgwve10010p4zc1rxlyvav,clv9y14tc0002s5sdcij3kdes,pmskxxwzrhdbjzpb31162pnjm,Amarilla,22,31,2
198278,cmlmgwve10010p4zc1rxlyvav,clv9y14tc0002s5sdcij3kdes,hgmhzdbeplltkplw50565lyra,Falta,24,31,2
198136,cmlmgwve10010p4zc1rxlyvav,iqsonebbiywvoxzr63562kwcg,cmls29gnw00kbp4cuqv4cwfc5,Amarilla,7,21,1
198144,cmlmgwve10010p4zc1rxlyvav,iqsonebbiywvoxzr63562kwcg,pxljghllduhjdbnn03038vvxp,Gol,9,7,1
198305,cmlmgwve10010p4zc1rxlyvav,iqsonebbiywvoxzr63562kwcg,bdkwaiyrglasrwnc35863znrr,Gol,27,35,2
198317,cmlmgwve10010p4zc1rxlyvav,iqsonebbiywvoxzr63562kwcg,cmls29gnw00kbp4cuqv4cwfc5,Falta,29,51,2
198150,cmlmgwve10010p4zc1rxlyvav,iqsonebbiywvoxzr63562kwcg,upkaggieqasgfygg54804hsrf,Gol,9,47,1
198152,cmlmgwve10010p4zc1rxlyvav,clv9y14tc0002s5sdcij3kdes,sqwqhvxspzepiwvg64420nqfy,Falta,10,11,1
198318,cmlmgwve10010p4zc1rxlyvav,iqsonebbiywvoxzr63562kwcg,cmls29gnw00kbp4cuqv4cwfc5,Azul I,29,51,2
198153,cmlmgwve10010p4zc1rxlyvav,clv9y14tc0002s5sdcij3kdes,sqwqhvxspzepiwvg64420nqfy,Amarilla,10,11,1
198337,cmlmgwve10010p4zc1rxlyvav,iqsonebbiywvoxzr63562kwcg,wvyaczxmewsvnfzm81522grvt,Falta,32,53,2
198338,cmlmgwve10010p4zc1rxlyvav,iqsonebbiywvoxzr63562kwcg,wvyaczxmewsvnfzm81522grvt,Amarilla,32,53,2
198176,cmlmgwve10010p4zc1rxlyvav,iqsonebbiywvoxzr63562kwcg,upkaggieqasgfygg54804hsrf,Falta,13,17,1
198177,cmlmgwve10010p4zc1rxlyvav,iqsonebbiywvoxzr63562kwcg,upkaggieqasgfygg54804hsrf,Amarilla,13,17,1
198343,cmlmgwve10010p4zc1rxlyvav,iqsonebbiywvoxzr63562kwcg,bpkatskbzzdkgyzz45913wcle,Falta,33,22,2
198179,cmlmgwve10010p4zc1rxlyvav,iqsonebbiywvoxzr63562kwcg,yheiidbikorkcabs75336ljct,Falta,13,28,1
198344,cmlmgwve10010p4zc1rxlyvav,iqsonebbiywvoxzr63562kwcg,bpkatskbzzdkgyzz45913wcle,Amarilla,33,22,2
198363,cmlmgwve10010p4zc1rxlyvav,clv9y14tc0002s5sdcij3kdes,pmskxxwzrhdbjzpb31162pnjm,Falta,37,0,2
198186,cmlmgwve10010p4zc1rxlyvav,iqsonebbiywvoxzr63562kwcg,bdkwaiyrglasrwnc35863znrr,Falta,14,51,1
198364,cmlmgwve10010p4zc1rxlyvav,iqsonebbiywvoxzr63562kwcg,yheiidbikorkcabs75336ljct,Falta,37,18,2
198367,cmlmgwve10010p4zc1rxlyvav,iqsonebbiywvoxzr63562kwcg,wvyaczxmewsvnfzm81522grvt,Azul I,38,13,2
198368,cmlmgwve10010p4zc1rxlyvav,clv9y14tc0002s5sdcij3kdes,wphfyqixvcvmysfq50759agfx,Falta,38,13,2
198369,cmlmgwve10010p4zc1rxlyvav,clv9y14tc0002s5sdcij3kdes,rkhdixqsmiilhijf91802xiwt,Amarilla,38,13,2
198370,cmlmgwve10010p4zc1rxlyvav,clv9y14tc0002s5sdcij3kdes,wphfyqixvcvmysfq50759agfx,Amarilla,38,21,2
198371,cmlmgwve10010p4zc1rxlyvav,clv9y14tc0002s5sdcij3kdes,wphfyqixvcvmysfq50759agfx,Falta,38,21,2
198373,cmlmgwve10010p4zc1rxlyvav,clv9y14tc0002s5sdcij3kdes,pmskxxwzrhdbjzpb31162pnjm,Falta,39,19,2
198375,cmlmgwve10010p4zc1rxlyvav,clv9y14tc0002s5sdcij3kdes,pmskxxwzrhdbjzpb31162pnjm,Azul I,39,19,2
198091,cmlmgwve1000yp4zcrrjkblvv,buqhdbuybepnrwfj45861sfmv,xzebiopakxjtptwg99499bnlr,Falta,1,4,1
198232,cmlmgwve1000yp4zcrrjkblvv,buqhdbuybepnrwfj45861sfmv,xzebiopakxjtptwg99499bnlr,Gol,24,3,2
198100,cmlmgwve1000yp4zcrrjkblvv,evgubysfaryqquxp91003epne,lvqahcwgopotiiuc12148uhog,Falta,3,19,1
198251,cmlmgwve1000yp4zcrrjkblvv,evgubysfaryqquxp91003epne,nnklpbsnvnosbvaj55000tyyv,Falta,27,11,2
198107,cmlmgwve1000yp4zcrrjkblvv,buqhdbuybepnrwfj45861sfmv,cvcxmfmvrwrcysjt24451treu,Falta,4,51,1
198264,cmlmgwve1000yp4zcrrjkblvv,buqhdbuybepnrwfj45861sfmv,aqzvymwvgdtgupdn66305lksk,Gol,28,37,2
198108,cmlmgwve1000yp4zcrrjkblvv,buqhdbuybepnrwfj45861sfmv,cvcxmfmvrwrcysjt24451treu,Amarilla,4,51,1
198298,cmlmgwve1000yp4zcrrjkblvv,evgubysfaryqquxp91003epne,nnklpbsnvnosbvaj55000tyyv,Amarilla,32,21,2
198112,cmlmgwve1000yp4zcrrjkblvv,buqhdbuybepnrwfj45861sfmv,cvcxmfmvrwrcysjt24451treu,Gol,5,16,1
198300,cmlmgwve1000yp4zcrrjkblvv,buqhdbuybepnrwfj45861sfmv,pehplawybxsffdue59913tnkn,Amarilla,32,21,2
198301,cmlmgwve1000yp4zcrrjkblvv,evgubysfaryqquxp91003epne,txbhgunsnqetbzml00232eigv,Gol,32,33,2
198119,cmlmgwve1000yp4zcrrjkblvv,buqhdbuybepnrwfj45861sfmv,zxwulrehbzubxlpe35948ozks,Gol,7,13,1
198303,cmlmgwve1000yp4zcrrjkblvv,buqhdbuybepnrwfj45861sfmv,cxhzrcrhdcdvxihf24592yqcd,Falta,33,22,2
198124,cmlmgwve1000yp4zcrrjkblvv,buqhdbuybepnrwfj45861sfmv,hlrliircufvyytlo86565dybc,Falta,8,38,1
198324,cmlmgwve1000yp4zcrrjkblvv,buqhdbuybepnrwfj45861sfmv,cvcxmfmvrwrcysjt24451treu,Azul I,37,29,2
198125,cmlmgwve1000yp4zcrrjkblvv,buqhdbuybepnrwfj45861sfmv,hlrliircufvyytlo86565dybc,Amarilla,8,38,1
198126,cmlmgwve1000yp4zcrrjkblvv,evgubysfaryqquxp91003epne,nnklpbsnvnosbvaj55000tyyv,Gol,8,38,1
198129,cmlmgwve1000yp4zcrrjkblvv,buqhdbuybepnrwfj45861sfmv,lyitzkajnlnemhxw40001bkre,Gol,8,44,1
198131,cmlmgwve1000yp4zcrrjkblvv,evgubysfaryqquxp91003epne,lvqahcwgopotiiuc12148uhog,Gol,8,44,1
198138,cmlmgwve1000yp4zcrrjkblvv,buqhdbuybepnrwfj45861sfmv,hlrliircufvyytlo86565dybc,Falta,9,37,1
198142,cmlmgwve1000yp4zcrrjkblvv,evgubysfaryqquxp91003epne,nnklpbsnvnosbvaj55000tyyv,Falta,9,51,1
198159,cmlmgwve1000yp4zcrrjkblvv,evgubysfaryqquxp91003epne,cmepq3gso03ofp4cgw28szljx,Gol,15,31,1
198162,cmlmgwve1000yp4zcrrjkblvv,buqhdbuybepnrwfj45861sfmv,eyovbnimkzopxxnx11192gsxe,Gol,15,33,1
198182,cmlmgwve1000yp4zcrrjkblvv,buqhdbuybepnrwfj45861sfmv,eyovbnimkzopxxnx11192gsxe,Gol,17,23,1
198095,cmlmgwve1000vp4zci8z7r8z7,xxvykydpifsapfau72439crkk,mlcyurqhfsrvctta49327crtk,Gol,1,23,1
198207,cmlmgwve1000vp4zci8z7r8z7,xxvykydpifsapfau72439crkk,aafcdleupqdrfpqr93443ayiy,Falta,20,34,2
198208,cmlmgwve1000vp4zci8z7r8z7,xxvykydpifsapfau72439crkk,aafcdleupqdrfpqr93443ayiy,Amarilla,20,34,2
198099,cmlmgwve1000vp4zci8z7r8z7,xxvykydpifsapfau72439crkk,ptsowgsrpotygzjf71685ibkx,Falta,1,33,1
198218,cmlmgwve1000vp4zci8z7r8z7,tythronuthqkvmdl94637zbol,khzustqpxoinifwu52788ykhs,Falta,21,51,2
198116,cmlmgwve1000vp4zci8z7r8z7,xxvykydpifsapfau72439crkk,amegxdgrdhocslus21603odsn,Falta,5,5,1
198226,cmlmgwve1000vp4zci8z7r8z7,xxvykydpifsapfau72439crkk,wzhvzsnarnlncjfk10900puot,Falta,23,48,2
198127,cmlmgwve1000vp4zci8z7r8z7,xxvykydpifsapfau72439crkk,pazttjyypjjcvojn67931rnyn,Falta,7,30,1
198137,cmlmgwve1000vp4zci8z7r8z7,xxvykydpifsapfau72439crkk,emqiznqijjvhmtzl09919ghvs,Falta,9,20,1
198228,cmlmgwve1000vp4zci8z7r8z7,tythronuthqkvmdl94637zbol,khzustqpxoinifwu52788ykhs,Falta,24,9,2
198139,cmlmgwve1000vp4zci8z7r8z7,xxvykydpifsapfau72439crkk,emqiznqijjvhmtzl09919ghvs,Amarilla,9,20,1
198248,cmlmgwve1000vp4zci8z7r8z7,tythronuthqkvmdl94637zbol,hlesitqcsyyquhmp85819efds,Amarilla,26,33,2
198262,cmlmgwve1000vp4zci8z7r8z7,xxvykydpifsapfau72439crkk,dbloiblqvfgeqpws31645jjrx,Falta,28,41,2
198146,cmlmgwve1000vp4zci8z7r8z7,tythronuthqkvmdl94637zbol,uwflvnzmrlyxnrhu69570zbzf,Falta,11,21,1
198279,cmlmgwve1000vp4zci8z7r8z7,tythronuthqkvmdl94637zbol,nuacxompwtsznivu30413zcoh,Falta,30,43,2
198147,cmlmgwve1000vp4zci8z7r8z7,tythronuthqkvmdl94637zbol,uwflvnzmrlyxnrhu69570zbzf,Falta,11,33,1
198319,cmlmgwve1000vp4zci8z7r8z7,tythronuthqkvmdl94637zbol,khzustqpxoinifwu52788ykhs,Amarilla,36,40,2
198149,cmlmgwve1000vp4zci8z7r8z7,tythronuthqkvmdl94637zbol,uwflvnzmrlyxnrhu69570zbzf,Amarilla,11,33,1
198157,cmlmgwve1000vp4zci8z7r8z7,tythronuthqkvmdl94637zbol,qhotgnulbwjqcluq48724hmzr,Falta,14,26,1
198320,cmlmgwve1000vp4zci8z7r8z7,tythronuthqkvmdl94637zbol,yuplpfskkxmrzdkv63888kboh,Amarilla,36,40,2
198325,cmlmgwve1000vp4zci8z7r8z7,tythronuthqkvmdl94637zbol,duwxkgfvkwqpexta75533zkhj,Falta,37,9,2
198160,cmlmgwve1000vp4zci8z7r8z7,tythronuthqkvmdl94637zbol,qhotgnulbwjqcluq48724hmzr,Amarilla,14,26,1
198326,cmlmgwve1000vp4zci8z7r8z7,tythronuthqkvmdl94637zbol,duwxkgfvkwqpexta75533zkhj,Amarilla,37,9,2
198170,cmlmgwve1000vp4zci8z7r8z7,tythronuthqkvmdl94637zbol,fylwyxgdxfvnckgb84082ompj,Amarilla,16,12,1
198334,cmlmgwve1000vp4zci8z7r8z7,xxvykydpifsapfau72439crkk,aafcdleupqdrfpqr93443ayiy,Falta,38,12,2
198171,cmlmgwve1000vp4zci8z7r8z7,tythronuthqkvmdl94637zbol,qhotgnulbwjqcluq48724hmzr,Falta,16,16,1
198335,cmlmgwve1000vp4zci8z7r8z7,xxvykydpifsapfau72439crkk,aafcdleupqdrfpqr93443ayiy,Azul I,38,12,2
198336,cmlmgwve1000vp4zci8z7r8z7,xxvykydpifsapfau72439crkk,svhujahpfhkxsprq80413mquv,Gol,38,24,2
198346,cmlmgwve1000vp4zci8z7r8z7,tythronuthqkvmdl94637zbol,hlesitqcsyyquhmp85819efds,Azul D,39,20,2
198214,cmlmgwve10012p4zcskrr7o5j,jlmvlskhdofdgywx21537tyml,xuczrojwhkgvhdub00034zuct,Falta,20,57,2
198105,cmlmgwve10012p4zcskrr7o5j,jlmvlskhdofdgywx21537tyml,jcvihkuejfgjrjgf00633slvw,Gol,1,51,1
198215,cmlmgwve10012p4zcskrr7o5j,jlmvlskhdofdgywx21537tyml,xuczrojwhkgvhdub00034zuct,Amarilla,20,30,2
198120,cmlmgwve10012p4zcskrr7o5j,jlmvlskhdofdgywx21537tyml,xuczrojwhkgvhdub00034zuct,Gol,5,54,1
198143,cmlmgwve10012p4zcskrr7o5j,adrithlvwtdhgcxm44467psde,bqkcpzelupyfvmig65060bsjv,Gol,10,55,1
198225,cmlmgwve10012p4zcskrr7o5j,adrithlvwtdhgcxm44467psde,ovpumvhksajmqgok70299mghe,Falta,22,43,2
198158,cmlmgwve10012p4zcskrr7o5j,jlmvlskhdofdgywx21537tyml,jcvihkuejfgjrjgf00633slvw,Falta,14,42,1
198231,cmlmgwve10012p4zcskrr7o5j,adrithlvwtdhgcxm44467psde,bxxxwgcqziarkong18237yusk,Falta,23,50,2
198161,cmlmgwve10012p4zcskrr7o5j,jlmvlskhdofdgywx21537tyml,cjdaecvihhgazlfa65420mmai,Amarilla,14,42,1
198236,cmlmgwve10012p4zcskrr7o5j,adrithlvwtdhgcxm44467psde,dvzvnmuvdrvgwovc34092zkod,Falta,25,4,2
198165,cmlmgwve10012p4zcskrr7o5j,jlmvlskhdofdgywx21537tyml,cjdaecvihhgazlfa65420mmai,Falta,14,59,1
198239,cmlmgwve10012p4zcskrr7o5j,adrithlvwtdhgcxm44467psde,yvplyyjfnltprcxu33965yfvl,Amarilla,25,12,2
198259,cmlmgwve10012p4zcskrr7o5j,adrithlvwtdhgcxm44467psde,idjjqqqkdkwhlrnh60060pvoj,Falta,27,49,2
198167,cmlmgwve10012p4zcskrr7o5j,adrithlvwtdhgcxm44467psde,idjjqqqkdkwhlrnh60060pvoj,Falta,15,18,1
198272,cmlmgwve10012p4zcskrr7o5j,adrithlvwtdhgcxm44467psde,bxxxwgcqziarkong18237yusk,Gol,28,38,2
198180,cmlmgwve10012p4zcskrr7o5j,adrithlvwtdhgcxm44467psde,rdgejrocfbxpofrz39141zdjp,Falta,16,50,1
198290,cmlmgwve10012p4zcskrr7o5j,jlmvlskhdofdgywx21537tyml,fxhitdmsxnjsubfv50634ifju,Gol,30,52,2
198181,cmlmgwve10012p4zcskrr7o5j,adrithlvwtdhgcxm44467psde,rdgejrocfbxpofrz39141zdjp,Amarilla,16,50,1
198329,cmlmgwve10012p4zcskrr7o5j,jlmvlskhdofdgywx21537tyml,mwzhdgbxbaxtpkyv98228yabd,Falta,36,26,2
198187,cmlmgwve10012p4zcskrr7o5j,jlmvlskhdofdgywx21537tyml,mwzhdgbxbaxtpkyv98228yabd,Falta,18,11,1
198330,cmlmgwve10012p4zcskrr7o5j,jlmvlskhdofdgywx21537tyml,mwzhdgbxbaxtpkyv98228yabd,Amarilla,36,26,2
198341,cmlmgwve10012p4zcskrr7o5j,adrithlvwtdhgcxm44467psde,putsbbtxjfmsjbsp66101hlyl,Falta,37,32,2
198345,cmlmgwve10012p4zcskrr7o5j,adrithlvwtdhgcxm44467psde,yvplyyjfnltprcxu33965yfvl,Azul I,37,32,2
198347,cmlmgwve10012p4zcskrr7o5j,jlmvlskhdofdgywx21537tyml,kictfeqiufvvxrzw98246guwd,Falta,37,39,2
198348,cmlmgwve10012p4zcskrr7o5j,jlmvlskhdofdgywx21537tyml,kictfeqiufvvxrzw98246guwd,Amarilla,37,39,2
198350,cmlmgwve10012p4zcskrr7o5j,jlmvlskhdofdgywx21537tyml,kictfeqiufvvxrzw98246guwd,Azul I,37,39,2
198354,cmlmgwve10012p4zcskrr7o5j,jlmvlskhdofdgywx21537tyml,cmm23ve3w00c5p4ksavedj9zg,Falta,38,29,2
198355,cmlmgwve10012p4zcskrr7o5j,adrithlvwtdhgcxm44467psde,putsbbtxjfmsjbsp66101hlyl,Amarilla,38,29,2
198358,cmlmgwve10012p4zcskrr7o5j,adrithlvwtdhgcxm44467psde,putsbbtxjfmsjbsp66101hlyl,Gol,38,51,2
198227,cmlmgwve1000wp4zcw7q8yowh,tziicpsffzkwooln63257wnaj,gktjoraautunhkki69723jbdh,Falta,34,57,2
198093,cmlmgwve1000wp4zcw7q8yowh,rvrkcfvivhratbxd30828eoll,hlgcxzenrvhmhzbr24622pzgv,Falta,18,0,1
198101,cmlmgwve1000wp4zcw7q8yowh,tziicpsffzkwooln63257wnaj,iczixiteyphrskdr73949suvc,Amarilla,15,10,1
198241,cmlmgwve1000wp4zcw7q8yowh,tziicpsffzkwooln63257wnaj,sjypimxutaqlztxn53591hqoa,Falta,33,0,2
198271,cmlmgwve1000wp4zcw7q8yowh,tziicpsffzkwooln63257wnaj,hzmsarlhlqcumljz05304fbfz,Falta,29,59,2
198102,cmlmgwve1000wp4zcw7q8yowh,tziicpsffzkwooln63257wnaj,iczixiteyphrskdr73949suvc,Falta,15,55,1
198111,cmlmgwve1000wp4zcw7q8yowh,rvrkcfvivhratbxd30828eoll,hixopxknbxuterqk91780rgjr,Falta,14,45,1
198286,cmlmgwve1000wp4zcw7q8yowh,rvrkcfvivhratbxd30828eoll,tncsmpthhzzvfsrh93386zvfc,Amarilla,28,0,2
198123,cmlmgwve1000wp4zcw7q8yowh,rvrkcfvivhratbxd30828eoll,hixopxknbxuterqk91780rgjr,Falta,11,0,1
198288,cmlmgwve1000wp4zcw7q8yowh,rvrkcfvivhratbxd30828eoll,tncsmpthhzzvfsrh93386zvfc,Falta,28,0,2
198156,cmlmgwve1000wp4zcw7q8yowh,tziicpsffzkwooln63257wnaj,exmwtixfxaiixzfi70465httk,Gol,5,0,1
198295,cmlmgwve1000wp4zcw7q8yowh,tziicpsffzkwooln63257wnaj,iczixiteyphrskdr73949suvc,Gol,27,56,2
198172,cmlmgwve1000wp4zcw7q8yowh,rvrkcfvivhratbxd30828eoll,tncsmpthhzzvfsrh93386zvfc,Falta,3,57,1
198306,cmlmgwve1000wp4zcw7q8yowh,rvrkcfvivhratbxd30828eoll,xcjmxxeztcivdmtr28710ywjt,Gol,24,57,2
198309,cmlmgwve1000wp4zcw7q8yowh,tziicpsffzkwooln63257wnaj,gktjoraautunhkki69723jbdh,Falta,24,0,2
198235,cmlmgwve1000xp4zc4h7xxheh,tpuenmmsfepzkuvs52687qkrz,eagdbxrklkuzdcoe46278tomf,Gol,20,43,2
198133,cmlmgwve1000xp4zc4h7xxheh,qcovjxoltlivasyy94560eqge,gctbzruercpusrky56695tnhc,Falta,8,27,1
198255,cmlmgwve1000xp4zc4h7xxheh,tpuenmmsfepzkuvs52687qkrz,eagdbxrklkuzdcoe46278tomf,Gol,24,26,2
198154,cmlmgwve1000xp4zc4h7xxheh,qcovjxoltlivasyy94560eqge,gctbzruercpusrky56695tnhc,Falta,12,40,1
198266,cmlmgwve1000xp4zc4h7xxheh,qcovjxoltlivasyy94560eqge,ckyssdfgsmczasma36802sjko,Falta,25,29,2
198155,cmlmgwve1000xp4zc4h7xxheh,tpuenmmsfepzkuvs52687qkrz,hfskgbsocmsewdxi98914mitt,Falta,13,3,1
198268,cmlmgwve1000xp4zc4h7xxheh,qcovjxoltlivasyy94560eqge,ckyssdfgsmczasma36802sjko,Amarilla,25,29,2
198175,cmlmgwve1000xp4zc4h7xxheh,tpuenmmsfepzkuvs52687qkrz,chjeursuokgvambl23572fxvo,Falta,15,15,1
198188,cmlmgwve1000xp4zc4h7xxheh,qcovjxoltlivasyy94560eqge,ckyssdfgsmczasma36802sjko,Falta,17,55,1
198310,cmlmgwve1000xp4zc4h7xxheh,tpuenmmsfepzkuvs52687qkrz,hruyyxwnqvruyaup59640ehmx,Falta,32,32,2
198314,cmlmgwve1000xp4zc4h7xxheh,tpuenmmsfepzkuvs52687qkrz,hihjlisjklaoskue47066hktc,Falta,33,46,2
198192,cmlmgwve1000xp4zc4h7xxheh,tpuenmmsfepzkuvs52687qkrz,hfskgbsocmsewdxi98914mitt,Falta,18,22,1
198315,cmlmgwve1000xp4zc4h7xxheh,tpuenmmsfepzkuvs52687qkrz,hihjlisjklaoskue47066hktc,Amarilla,33,46,2
198322,cmlmgwve1000xp4zc4h7xxheh,tpuenmmsfepzkuvs52687qkrz,hihjlisjklaoskue47066hktc,Gol,34,26,2
198340,cmlmgwve1000xp4zc4h7xxheh,qcovjxoltlivasyy94560eqge,iuvafvbfkawggice64819yqih,Gol,36,27,2
198349,cmlmgwve1000xp4zc4h7xxheh,qcovjxoltlivasyy94560eqge,iuvafvbfkawggice64819yqih,Falta,37,48,2
198351,cmlmgwve1000xp4zc4h7xxheh,qcovjxoltlivasyy94560eqge,iuvafvbfkawggice64819yqih,Amarilla,37,48,2
198356,cmlmgwve1000xp4zc4h7xxheh,tpuenmmsfepzkuvs52687qkrz,xnjineysxcotphte51450ebxu,Falta,39,0,2
198361,cmlmgwve1000xp4zc4h7xxheh,qcovjxoltlivasyy94560eqge,ckyssdfgsmczasma36802sjko,Falta,39,49,2
198362,cmlmgwve1000xp4zc4h7xxheh,qcovjxoltlivasyy94560eqge,ckyssdfgsmczasma36802sjko,Azul I,39,49,2
